-- phpMyAdmin SQL Dump
-- version 5.0.2
-- https://www.phpmyadmin.net/
--
-- Хост: 127.0.0.1:3306
-- Время создания: Сен 16 2020 г., 19:35
-- Версия сервера: 5.7.29
-- Версия PHP: 7.1.33

SET SQL_MODE = "NO_AUTO_VALUE_ON_ZERO";
START TRANSACTION;
SET time_zone = "+00:00";


/*!40101 SET @OLD_CHARACTER_SET_CLIENT=@@CHARACTER_SET_CLIENT */;
/*!40101 SET @OLD_CHARACTER_SET_RESULTS=@@CHARACTER_SET_RESULTS */;
/*!40101 SET @OLD_COLLATION_CONNECTION=@@COLLATION_CONNECTION */;
/*!40101 SET NAMES utf8mb4 */;

--
-- База данных: `blagomir`
--

-- --------------------------------------------------------

--
-- Структура таблицы `allblocks`
--

CREATE TABLE `allblocks` (
  `id` int(11) NOT NULL,
  `name` varchar(100) COLLATE utf8_unicode_ci NOT NULL,
  `pretitle` varchar(300) COLLATE utf8_unicode_ci NOT NULL,
  `title` varchar(200) COLLATE utf8_unicode_ci DEFAULT NULL,
  `keywords` text COLLATE utf8_unicode_ci,
  `description` text COLLATE utf8_unicode_ci,
  `email` varchar(200) COLLATE utf8_unicode_ci DEFAULT NULL,
  `info` varchar(200) COLLATE utf8_unicode_ci NOT NULL,
  `banner` text COLLATE utf8_unicode_ci,
  `domen` varchar(20) COLLATE utf8_unicode_ci NOT NULL,
  `npp` int(11) NOT NULL DEFAULT '0',
  `ewlabel` varchar(300) COLLATE utf8_unicode_ci NOT NULL DEFAULT 'Сайт создан в студии <a href="http://www.empire-web.ru/" target="_blank">Empire Web</a>',
  `day_name` varchar(200) COLLATE utf8_unicode_ci NOT NULL DEFAULT 'Воскресение, Понедельник, Вторник, Среда, Четверг, Пятница, Суббота',
  `months` varchar(300) COLLATE utf8_unicode_ci NOT NULL DEFAULT 'неизвестно, января, февраля, марта, апреля, мая, июня, июля, августа, сентября, октября, ноября, декабря',
  `filesizes` varchar(100) COLLATE utf8_unicode_ci NOT NULL DEFAULT 'ТБ, ГБ, МБ, КБ, Б',
  `tel` varchar(50) COLLATE utf8_unicode_ci NOT NULL,
  `search` varchar(200) COLLATE utf8_unicode_ci NOT NULL,
  `more` varchar(200) COLLATE utf8_unicode_ci NOT NULL,
  `learnmore` varchar(300) COLLATE utf8_unicode_ci NOT NULL,
  `remdate` varchar(300) COLLATE utf8_unicode_ci NOT NULL,
  `biography` varchar(300) COLLATE utf8_unicode_ci NOT NULL,
  `showmap` varchar(200) COLLATE utf8_unicode_ci NOT NULL,
  `adr` varchar(300) COLLATE utf8_unicode_ci NOT NULL,
  `footertitle` varchar(200) COLLATE utf8_unicode_ci NOT NULL,
  `untertextleft` varchar(500) COLLATE utf8_unicode_ci NOT NULL,
  `agreement` varchar(200) COLLATE utf8_unicode_ci NOT NULL,
  `youtube` varchar(200) COLLATE utf8_unicode_ci NOT NULL,
  `facebook` varchar(200) COLLATE utf8_unicode_ci NOT NULL,
  `vk` varchar(200) COLLATE utf8_unicode_ci NOT NULL
) ENGINE=InnoDB DEFAULT CHARSET=utf8 COLLATE=utf8_unicode_ci;

--
-- Дамп данных таблицы `allblocks`
--

INSERT INTO `allblocks` (`id`, `name`, `pretitle`, `title`, `keywords`, `description`, `email`, `info`, `banner`, `domen`, `npp`, `ewlabel`, `day_name`, `months`, `filesizes`, `tel`, `search`, `more`, `learnmore`, `remdate`, `biography`, `showmap`, `adr`, `footertitle`, `untertextleft`, `agreement`, `youtube`, `facebook`, `vk`) VALUES
(1, 'Благомир', 'Общественная организация ветеранов России', '', NULL, NULL, 'info@blagomir.moscow', '', '', '', 0, '', 'Воскресение, Понедельник, Вторник, Среда, Четверг, Пятница, Суббота', 'неизвестно, января, февраля, марта, апреля, мая, июня, июля, августа, сентября, октября, ноября, декабря', 'ТБ, ГБ, МБ, КБ, Б', '+7(495) 624-34-36', 'Введите поисковый запрос', 'Подробнее', 'Узнать больше', 'Памятная дата', 'Биография', 'Показать на карте', 'г.Москва, Россия,<br>Новая площадь 10, офис 41', 'Контакты', '2020. Все права защищены Фонд помощи ветеранам «Благомир»', 'Я ознакомлен с <a href=\"#\">политикой конфеденциальности</a> и условиями обработки пероснальных данных', '', '', '');

-- --------------------------------------------------------

--
-- Структура таблицы `backchat`
--

CREATE TABLE `backchat` (
  `id` int(11) NOT NULL,
  `title` varchar(150) COLLATE utf8_unicode_ci NOT NULL,
  `tel` varchar(100) COLLATE utf8_unicode_ci NOT NULL,
  `email` varchar(150) COLLATE utf8_unicode_ci NOT NULL,
  `data` datetime DEFAULT NULL,
  `info` text COLLATE utf8_unicode_ci,
  `json_info` text COLLATE utf8_unicode_ci NOT NULL,
  `ip` varchar(15) COLLATE utf8_unicode_ci NOT NULL,
  `otvet` text COLLATE utf8_unicode_ci NOT NULL,
  `public` tinyint(1) NOT NULL DEFAULT '0',
  `otd_type` varchar(100) COLLATE utf8_unicode_ci NOT NULL COMMENT 'отдельный тип',
  `id_type` int(11) DEFAULT NULL,
  `id_pages` int(11) DEFAULT NULL,
  `id_allblocks` int(11) DEFAULT '1'
) ENGINE=InnoDB DEFAULT CHARSET=utf8 COLLATE=utf8_unicode_ci;

--
-- Дамп данных таблицы `backchat`
--

INSERT INTO `backchat` (`id`, `title`, `tel`, `email`, `data`, `info`, `json_info`, `ip`, `otvet`, `public`, `otd_type`, `id_type`, `id_pages`, `id_allblocks`) VALUES
(1, 'Damien Thorn', '+7 (917) 989-09-99', 'p3rsp3ct1ve@gmail.com', '2020-09-14 16:13:19', 'fdfsdf', '', '127.0.0.1', '', 0, 'Обратная связь', 1, 5, 1),
(3, 'Damien Thorn', '+7 (917) 989-09-99', '', '2020-09-15 17:48:51', 'adawf', '', '127.0.0.1', '', 0, '', 2, 3, 1),
(7, 'Damien Thorn', '+7 (917) 989-09-99', 'p3rsp3ct1ve@gmail.com', '2020-09-16 18:00:47', 'fwefwe', '{&quot;file&quot;:&quot;undefined&quot;}', '127.0.0.1', '', 0, '', 3, 46, 1),
(8, 'Damien Thorn', '+7 (917) 989-09-99', 'p3rsp3ct1ve@gmail.com', '2020-09-16 18:04:16', 'wefwf', '{&quot;file&quot;:&quot;undefined&quot;}', '127.0.0.1', '', 0, '', 3, 46, 1),
(9, 'Damien Thorn', '+7 (917) 989-09-99', 'p3rsp3ct1ve@gmail.com', '2020-09-16 18:05:16', 'rqwr', '{&quot;file&quot;:&quot;undefined&quot;}', '127.0.0.1', '', 0, '', 3, 46, 1),
(10, 'Damien Thorn', '+7 (917) 989-09-99', 'p3rsp3ct1ve@gmail.com', '2020-09-16 18:06:11', '13e2e1', '{&quot;file&quot;:&quot;undefined&quot;}', '127.0.0.1', '', 0, '', 3, 46, 1),
(11, 'Damien Thorn', '+7 (917) 989-09-99', 'p3rsp3ct1ve@gmail.com', '2020-09-16 18:07:20', 'dqwdq', '{&quot;file&quot;:&quot;undefined&quot;}', '127.0.0.1', '', 0, '', 3, 46, 1),
(12, 'Damien Thorn', '+7 (917) 989-09-99', 'p3rsp3ct1ve@gmail.com', '2020-09-16 18:21:11', 'ggggg', '{&quot;file&quot;:&quot;undefined&quot;}', '127.0.0.1', '', 0, '', 3, 46, 1);

-- --------------------------------------------------------

--
-- Структура таблицы `fcontent`
--

CREATE TABLE `fcontent` (
  `id` int(11) NOT NULL,
  `title` varchar(300) COLLATE utf8_unicode_ci NOT NULL,
  `info` varchar(500) COLLATE utf8_unicode_ci NOT NULL DEFAULT '',
  `href` varchar(200) COLLATE utf8_unicode_ci NOT NULL DEFAULT '#',
  `dopinfo` text COLLATE utf8_unicode_ci NOT NULL,
  `preinfo` varchar(2000) COLLATE utf8_unicode_ci DEFAULT NULL,
  `id_files` int(11) DEFAULT NULL,
  `id_allblocks` int(11) NOT NULL DEFAULT '1'
) ENGINE=InnoDB DEFAULT CHARSET=utf8 COLLATE=utf8_unicode_ci;

--
-- Дамп данных таблицы `fcontent`
--

INSERT INTO `fcontent` (`id`, `title`, `info`, `href`, `dopinfo`, `preinfo`, `id_files`, `id_allblocks`) VALUES
(1, '', '', '#', '', '', 1, 1),
(2, '', '', '#', '', '', 2, 1),
(3, '', '', '#', '', '', 3, 1),
(4, '', '', '#', '', '', 4, 1),
(5, '', '', '#', '', '', 5, 1),
(6, 'Ихсанов', 'Рафик Рашитович', '#', 'заместитель председателя, Герой России', '', 6, 1),
(7, '', '', '#', '', '', 7, 1),
(8, '', '', '#', '', '', 8, 1),
(9, '', '', '#', '', '', 9, 1),
(10, '', '', '#', '', '', 10, 1),
(11, '', '', '#', '', '', 11, 1),
(12, '', '', '#', '', '', 12, 1),
(13, '', '', '#', '', '', 13, 1),
(14, '', '', '#', '', '', 14, 1),
(15, '', '', '#', '', '', 15, 1),
(16, '', '', '#', '', '', 16, 1),
(17, '', '', '#', '', '', 17, 1),
(18, '', '', '#', '', '', 18, 1),
(19, '', '', '#', '', '', 19, 1),
(20, '', '', '#', '', '', 20, 1),
(22, '', '', '#', '', NULL, 22, 1),
(23, 'Результаты соревнований', '', '#', '', NULL, 23, 1),
(24, 'Встреча', '', '#', '', NULL, 24, 1),
(25, '', '', '#', '', NULL, 25, 1),
(26, '', '', '#', '', NULL, 26, 1),
(27, '', '', '#', '', NULL, 27, 1),
(28, '', '', '#', '', NULL, 28, 1),
(29, '', '', '#', '', NULL, 29, 1),
(30, '', '', '#', '', NULL, 30, 1),
(31, '', '', '#', '', NULL, 31, 1),
(32, '', '', '#', '', NULL, 32, 1),
(33, '', '', '#', '', NULL, 33, 1),
(34, 'Устав организации', '', '#', '', NULL, 34, 1),
(35, 'Устав организации', 'основной документ', '#', '', NULL, 35, 1),
(36, 'Свидетельство о регистрации', '', '#', '', NULL, 36, 1),
(37, '', '', '#', '', NULL, 37, 1),
(38, 'О регистрации НКО', 'Свидетельство ФНС о пост на учет', '#', '', NULL, 38, 1),
(39, 'Устав организации', 'основной документ', '#', '', NULL, 39, 1),
(40, 'Свидетельство о регистрации', '', '#', '', NULL, 40, 1),
(41, 'Устав организации', 'основной документ', '#', '', NULL, 41, 1),
(42, 'Фото с мероприятия годовщины фонда', '', '#', '', NULL, 42, 1),
(43, 'Фото 2', '', '#', '', NULL, 43, 1),
(44, '', '', '#', '', NULL, 44, 1),
(45, 'Первое фото', '', '#', '', NULL, 45, 1),
(46, '', '', '#', '', NULL, 46, 1),
(47, '', '', '#', '', NULL, 47, 1),
(48, '', '', '#', '', NULL, 48, 1),
(49, '', '', '#', '', NULL, 49, 1),
(50, '', 'top: -26px; left: -15px;', '#', '', NULL, 50, 1),
(51, '', 'top: -20px; left: -20px;', '#', '', NULL, 51, 1),
(52, '', 'top: -14px; left: -5px;', '#', '', NULL, 52, 1),
(53, '', 'top: -17px; left: -5px;', '#', '', NULL, 53, 1),
(54, '', 'top: -10px; left: -5px;', '#', '', NULL, 54, 1),
(55, 'РК «Люкс» - партнер с 2008 года', '', 'http://rk-lux.ru/', '', NULL, 55, 1),
(56, 'АДВ «Медиа» - партнер с 1999 года', '', 'http://advmedia.ru/', '', NULL, 56, 1),
(57, 'Лидер «М»', '', 'https://ml-m.ru/', '', NULL, 57, 1),
(58, 'Luxury Voyage', '', 'https://www.luxuryvoyage.ru/', '', NULL, 58, 1),
(59, '', '', '#', '', NULL, 59, 1),
(60, '', '', '#', '', NULL, 60, 1),
(61, '', '', '#', '', NULL, 61, 1),
(62, '', '', '#', '', NULL, 62, 1),
(63, '', '', '#', '', NULL, 63, 1),
(64, '', '', '#', '', NULL, 64, 1),
(65, '', '', '#', '', NULL, 65, 1),
(66, '', '', '#', '', NULL, 66, 1),
(67, '', '', '#', '', NULL, 67, 1),
(68, '', '', '#', '', NULL, 68, 1),
(69, '', '', '#', '', NULL, 69, 1),
(70, '', '', '#', '', NULL, 70, 1),
(71, '', '', '#', '', NULL, 71, 1),
(72, '', '', '#', '', NULL, 72, 1),
(73, '', '', '#', '', NULL, 73, 1),
(74, 'Фото с мероприятия годовщины фонда', '', '#', '', NULL, 74, 1),
(75, 'Второй слайд', '', '#', '', NULL, 75, 1),
(76, '', '', '#', '', NULL, 76, 1),
(77, '', '', '#', '', NULL, 77, 1),
(78, '', '', '#', '', NULL, 78, 1),
(79, 'Узор на футболки для соревнований', '', '#', '', NULL, 79, 1),
(80, 'Брендбук полный', '', '#', '', NULL, 80, 1),
(81, 'Для кепок логотип', '', '#', '', NULL, 81, 1),
(82, 'Блокноты ручки для печати', '', '#', '', NULL, 82, 1),
(83, 'Флажки', '', '#', '', NULL, 83, 1),
(84, 'Фирменные цвета Благомир', '', '#', '', NULL, 84, 1),
(85, '', '', '#', '', NULL, 85, 1),
(86, '', '', '#', '', NULL, 86, 1);

-- --------------------------------------------------------

--
-- Структура таблицы `files`
--

CREATE TABLE `files` (
  `id` int(11) NOT NULL,
  `picname` varchar(200) COLLATE utf8_unicode_ci DEFAULT NULL,
  `picname2` varchar(200) COLLATE utf8_unicode_ci DEFAULT NULL,
  `filetype` varchar(10) COLLATE utf8_unicode_ci NOT NULL DEFAULT '',
  `type` tinyint(4) DEFAULT '1',
  `docsorfoto` tinyint(1) NOT NULL DEFAULT '0' COMMENT 'Документ или фото?',
  `gorver` tinyint(1) NOT NULL DEFAULT '0',
  `npp` int(11) NOT NULL DEFAULT '0',
  `id_pages` int(11) DEFAULT NULL,
  `filesize` bigint(20) NOT NULL DEFAULT '0',
  `id_sovmdocs` int(11) DEFAULT NULL
) ENGINE=InnoDB DEFAULT CHARSET=utf8 COLLATE=utf8_unicode_ci;

--
-- Дамп данных таблицы `files`
--

INSERT INTO `files` (`id`, `picname`, `picname2`, `filetype`, `type`, `docsorfoto`, `gorver`, `npp`, `id_pages`, `filesize`, `id_sovmdocs`) VALUES
(1, '1.png', NULL, 'png', 1, 1, 0, 0, 16, 38480, NULL),
(2, '2.png', NULL, 'png', 1, 1, 0, 0, 17, 43385, NULL),
(3, '3.png', NULL, 'png', 1, 1, 0, 0, 18, 31653, NULL),
(4, '4.png', NULL, 'png', 1, 1, 0, 0, 19, 34028, NULL),
(5, '5.png', NULL, 'png', 1, 1, 0, 0, 20, 29703, NULL),
(6, '116545804092020.png', NULL, 'png', 1, 1, 0, 0, 13, 90372, NULL),
(7, '2.jpg', 'tmp17082604092020.jpeg', 'jpg', 2, 1, 0, 0, 13, 15242, NULL),
(8, '3.jpg', 'tmp17083304092020.jpeg', 'jpg', 2, 1, 0, 0, 13, 8921, NULL),
(9, '4.jpg', 'tmp17084004092020.jpeg', 'jpg', 2, 1, 0, 0, 13, 14979, NULL),
(10, '1.jpg', 'tmp17084804092020.jpeg', 'jpg', 2, 1, 0, 0, 13, 6625, NULL),
(11, 'img.png', NULL, 'png', 1, 1, 0, 0, 28, 269655, NULL),
(12, 'fon1.jpg', NULL, 'jpg', 1, 1, 0, 0, 35, 250851, NULL),
(13, 'slide1-l.png', NULL, 'png', 1, 1, 0, 0, 35, 32382, NULL),
(14, 'slide1-r.png', NULL, 'png', 1, 1, 0, 0, 35, 139103, NULL),
(15, 'fon2.jpg', NULL, 'jpg', 1, 1, 0, 0, 36, 247970, NULL),
(16, 'slide2-l.png', NULL, 'png', 1, 1, 0, 0, 36, 29648, NULL),
(17, 'slide2-r.png', NULL, 'png', 1, 1, 0, 0, 36, 120203, NULL),
(18, 'fon3.jpg', NULL, 'jpg', 1, 1, 0, 0, 37, 282102, NULL),
(19, 'slide3-l.png', NULL, 'png', 1, 1, 0, 0, 37, 67421, NULL),
(20, 'slide3-r.png', NULL, 'png', 1, 1, 0, 0, 37, 92920, NULL),
(22, '114430613092020.jpg', 'tmp14430813092020.jpeg', 'jpg', 9, 1, 0, 0, 56, 135017, NULL),
(23, 'test-doc.pdf', NULL, 'pdf', 2, 0, 0, 0, 56, 169107, NULL),
(24, 'img-right1.jpg', 'tmp15314313092020.jpeg', 'jpg', 8, 1, 0, 0, 56, 107812, NULL),
(25, 'img-right2.jpg', 'tmp15330913092020.jpeg', 'jpg', 8, 1, 0, 0, 56, 113167, NULL),
(26, '318445613092020.jpg', 'tmp18445813092020.jpeg', 'jpg', 3, 1, 1, 0, 60, 44751, NULL),
(27, '218480813092020.jpg', 'tmp18480913092020.jpeg', 'jpg', 3, 1, 1, 0, 61, 42408, NULL),
(28, '51_62_218480813092020.jpg', 'tmp19063213092020.jpeg', 'jpg', 4, 1, 0, 0, 62, 87358, NULL),
(29, '90_63_51_62_218480813092020.jpg', '1_63_tmp19063213092020.jpeg', 'jpg', 4, 1, 0, 0, 63, 87358, NULL),
(30, '26_64_218480813092020.jpg', 'tmp19091813092020.jpeg', 'jpg', 3, 1, 1, 0, 64, 44751, NULL),
(31, '4_65_26_64_218480813092020.jpg', 'tmp19094113092020.jpeg', 'jpg', 3, 1, 1, 0, 65, 42408, NULL),
(32, '45_66_4_65_26_64_218480813092020.jpg', '62_66_tmp19094113092020.jpeg', 'jpg', 3, 1, 1, 0, 66, 42408, NULL),
(33, 'img-left.png', NULL, 'png', 1, 1, 0, 0, 51, 67758, NULL),
(34, 'test-doc21294213092020.pdf', NULL, 'pdf', 2, 0, 0, 0, 48, 169107, NULL),
(35, '121300413092020.jpg', 'tmp21301013092020.jpeg', 'jpg', 6, 1, 1, 0, 48, 25396, 34),
(36, 'test-doc21404813092020.pdf', NULL, 'pdf', 2, 0, 0, 0, 48, 169107, NULL),
(37, '221410313092020.jpg', 'tmp21410513092020.jpeg', 'jpg', 6, 1, 1, 0, 48, 49760, 36),
(38, '321414413092020.jpg', 'tmp21414613092020.jpeg', 'jpg', 6, 1, 1, 0, 48, 43664, NULL),
(39, '121423913092020.jpg', 'tmp21424613092020.jpeg', 'jpg', 6, 1, 1, 0, 49, 25396, NULL),
(40, '221431413092020.jpg', 'tmp21431613092020.jpeg', 'jpg', 6, 1, 1, 0, 49, 49760, NULL),
(41, '321435213092020.jpg', 'tmp21435413092020.jpeg', 'jpg', 6, 1, 1, 0, 50, 43664, NULL),
(42, 'img-right110244814092020.jpg', 'tmp10261314092020.jpeg', 'jpg', 8, 1, 0, 0, 94, 107812, NULL),
(43, 'img-right210253414092020.jpg', 'tmp10260514092020.jpeg', 'jpg', 8, 1, 0, 0, 94, 113167, NULL),
(44, '116213614092020.png', NULL, 'png', 1, 1, 0, 0, 97, 45728, NULL),
(45, 'img-right116383814092020.jpg', 'tmp16384314092020.jpeg', 'jpg', 9, 1, 0, 0, 97, 107812, NULL),
(46, 'img-right216390414092020.jpg', 'tmp16390814092020.jpeg', 'jpg', 9, 1, 0, 0, 97, 113167, NULL),
(47, '318103914092020.png', NULL, 'png', 10, 1, 0, 0, 97, 7282, NULL),
(48, '118104814092020.png', NULL, 'png', 10, 1, 0, 0, 97, 4471, NULL),
(49, '119071514092020.png', NULL, 'png', 1, 1, 0, 0, 102, 55199, NULL),
(50, '121063514092020.png', NULL, 'png', 1, 1, 0, 0, 107, 38480, NULL),
(51, '221161414092020.png', NULL, 'png', 1, 1, 0, 0, 108, 43385, NULL),
(52, '321210914092020.png', NULL, 'png', 1, 1, 0, 0, 109, 31653, NULL),
(53, '421242814092020.png', NULL, 'png', 1, 1, 0, 0, 110, 34028, NULL),
(54, '521271814092020.png', NULL, 'png', 1, 1, 0, 0, 111, 29703, NULL),
(55, '121424614092020.jpg', NULL, 'jpg', 1, 1, 0, 0, 112, 9163, NULL),
(56, '521441014092020.png', NULL, 'png', 1, 1, 0, 0, 112, 13501, NULL),
(57, '6.png', NULL, 'png', 1, 1, 0, 0, 112, 16303, NULL),
(58, '7.png', NULL, 'png', 1, 1, 0, 0, 112, 16694, NULL),
(59, 'history.png', NULL, 'png', 1, 1, 0, 0, 113, 239526, NULL),
(60, 'history10354415092020.png', NULL, 'png', 1, 1, 0, 0, 115, 61047, NULL),
(61, '111084715092020.jpg', 'tmp11085015092020.jpeg', 'jpg', 3, 1, 1, 0, 122, 33888, NULL),
(62, '211093915092020.jpg', 'tmp11094215092020.jpeg', 'jpg', 3, 1, 1, 0, 123, 34997, NULL),
(63, '29_124_211093915092020.jpg', '94_124_tmp11094215092020.jpeg', 'jpg', 3, 1, 1, 0, 124, 34997, NULL),
(64, '3_125_29_124_211093915092020.jpg', '40_125_94_124_tmp11094215092020.jpeg', 'jpg', 3, 1, 1, 0, 125, 34997, NULL),
(65, '2_126_3_125_29_124_211093915092020.jpg', '70_126_40_125_94_124_tmp11094215092020.jpeg', 'jpg', 3, 1, 1, 0, 126, 34997, NULL),
(66, '18_127_2_126_3_125_29_124_211093915092020.jpg', '96_127_70_126_40_125_94_124_tmp11094215092020.jpeg', 'jpg', 3, 1, 1, 0, 127, 34997, NULL),
(67, '57_128_18_127_2_126_3_125_29_124_211093915092020.jpg', '53_128_96_127_70_126_40_125_94_124_tmp11094215092020.jpeg', 'jpg', 3, 1, 1, 0, 128, 34997, NULL),
(68, '87_129_57_128_18_127_2_126_3_125_29_124_211093915092020.jpg', '68_129_53_128_96_127_70_126_40_125_94_124_tmp11094215092020.jpeg', 'jpg', 3, 1, 1, 0, 129, 34997, NULL),
(69, 'club.png', NULL, 'png', 1, 1, 0, 0, 130, 248893, NULL),
(70, '117091315092020.jpg', NULL, 'jpg', 1, 1, 0, 0, 135, 9163, NULL),
(71, '217105215092020.png', NULL, 'png', 1, 1, 0, 0, 136, 6032, NULL),
(72, '417121715092020.png', NULL, 'png', 1, 1, 0, 0, 138, 16703, NULL),
(73, '317123715092020.png', NULL, 'png', 1, 1, 0, 0, 137, 8688, NULL),
(74, 'img-right118034015092020.jpg', 'tmp18034315092020.jpeg', 'jpg', 8, 1, 0, 0, 141, 107812, NULL),
(75, 'img-right218040515092020.jpg', 'tmp18040815092020.jpeg', 'jpg', 8, 1, 0, 0, 141, 113167, NULL),
(76, '219001715092020.jpg', 'tmp19001915092020.jpeg', 'jpg', 9, 1, 0, 0, 47, 81745, NULL),
(77, '319002615092020.jpg', 'tmp19002815092020.jpeg', 'jpg', 9, 1, 0, 0, 47, 52975, NULL),
(78, '419003415092020.jpg', 'tmp19003615092020.jpeg', 'jpg', 9, 1, 0, 0, 47, 91279, NULL),
(79, 'test.pdf', NULL, 'pdf', 2, 0, 0, 0, 47, 228134, NULL),
(80, 'test19055815092020.pdf', NULL, 'pdf', 2, 0, 0, 0, 47, 228134, NULL),
(81, 'test19061615092020.pdf', NULL, 'pdf', 2, 0, 0, 0, 47, 228134, NULL),
(82, 'test19062815092020.pdf', NULL, 'pdf', 2, 0, 0, 0, 47, 228134, NULL),
(83, 'test19065315092020.pdf', NULL, 'pdf', 2, 0, 0, 0, 47, 228134, NULL),
(84, 'test19070815092020.pdf', NULL, 'pdf', 2, 0, 0, 0, 47, 228134, NULL),
(85, 'img.jpg', 'tmp20185016092020.jpeg', 'jpg', 11, 1, 0, 0, 149, 179085, NULL),
(86, 'img20442116092020.jpg', 'tmp20442216092020.jpeg', 'jpg', 11, 1, 0, 0, 69, 179085, NULL);

-- --------------------------------------------------------

--
-- Структура таблицы `glossary`
--

CREATE TABLE `glossary` (
  `id` int(11) NOT NULL,
  `npp` int(11) NOT NULL DEFAULT '0',
  `title` varchar(200) COLLATE utf8_unicode_ci NOT NULL,
  `info` text COLLATE utf8_unicode_ci NOT NULL,
  `id_glossary` int(11) DEFAULT NULL,
  `id_pages` int(11) DEFAULT NULL,
  `id_allblocks` int(11) DEFAULT NULL,
  `val` varchar(10) COLLATE utf8_unicode_ci NOT NULL DEFAULT '0',
  `id_usl` int(11) DEFAULT NULL COMMENT 'условие'
) ENGINE=InnoDB DEFAULT CHARSET=utf8 COLLATE=utf8_unicode_ci;

--
-- Дамп данных таблицы `glossary`
--

INSERT INTO `glossary` (`id`, `npp`, `title`, `info`, `id_glossary`, `id_pages`, `id_allblocks`, `val`, `id_usl`) VALUES
(1, 1, 'Помощь и руководство по сайту', '', NULL, NULL, NULL, '0', NULL),
(2, 2, 'Типы прикрепляемых картинок', '', NULL, NULL, NULL, '0', NULL),
(3, 3, 'Типы прикрепляемых документов', '', NULL, NULL, NULL, '0', NULL),
(4, 4, 'Типы шаблонов страниц', '', NULL, NULL, NULL, '0', NULL),
(5, 5, 'Ошибки и уведомления', '', NULL, NULL, NULL, '0', NULL),
(6, 6, 'Уровни доступа', '', NULL, NULL, NULL, '0', NULL),
(7, 7, 'Типы обращений', '', NULL, NULL, NULL, '0', NULL),
(9, 9, 'Email уведомления', '', NULL, NULL, NULL, '0', NULL),
(32, 1, 'Обратная связь', '', 7, NULL, NULL, '0', NULL),
(45, 1, 'Новое сообщение с сайта', '<p>Новое сообщение с сайта<br /><br />#data#<br /><strong>Имя:</strong> #title#<br /><strong>Email:</strong> #email#<br /><strong>Телефон:</strong> #tel#<br /><strong>IP:</strong> #IP#<br /><strong>Тип вопроса:</strong> #otd_type#<br /><strong>Сообщение:</strong> #info#</p>\n<p>Просмотреть все сообщения Вы можете по ссылке <a title=\"Перейти \" href=\"#alllink#\" target=\"_blank\" rel=\"noopener noreferrer\">#alllink#</a></p>', 9, NULL, NULL, '0', NULL),
(46, 2, 'Спасибо! Ваше сообщение получено!', '<h2 class=\"modal__title\">Сообщение отправлено</h2>\n<p>Мы получили Ваше соообщение, наш представитель свяжется с Вами</p>', 5, NULL, NULL, '0', NULL),
(47, 3, 'Ошибка! Неверно заполнены поля!', '', 5, NULL, NULL, '0', NULL),
(50, 1, 'Ошибка! Попробуйте позднее или свяжитесь с нами по email или телефону', '', 5, NULL, NULL, '0', NULL),
(109, 1, 'Нет', '', 6, NULL, NULL, '0', NULL),
(110, 2, 'Чтение', '', 6, NULL, NULL, '0', NULL),
(111, 3, 'Запись', '', 6, NULL, NULL, '0', NULL),
(157, 4, 'Ошибка! Не передан тип обработки данных!', '', 5, NULL, NULL, '0', NULL),
(189, 8, 'Виджеты', '', NULL, NULL, NULL, '0', NULL),
(226, 5, 'Ошибка! Размер файла превышает 10 Мб', '', 5, NULL, NULL, '0', NULL),
(227, 6, 'Ошибка! Недопустимый формат файла!', '', 5, NULL, NULL, '0', NULL),
(228, 7, 'Ошибка! Не удалось отправить файл', '', 5, NULL, NULL, '0', NULL),
(230, 1, 'Спецразмещение', '', 2, NULL, NULL, '0', NULL),
(236, 1, 'Без отображения', '', 3, NULL, NULL, '0', NULL),
(244, 8, 'Ничего не найдено', '', 5, NULL, NULL, '0', NULL),
(245, 9, 'Запрос слишком короткий', '', 5, NULL, NULL, '0', NULL),
(248, 2, 'Слайдер клуба предпринимателей', '302,177', 2, NULL, NULL, '0', NULL),
(249, 3, 'Превью новости (маленькое)', '126,136', 2, NULL, NULL, '0', NULL),
(250, 4, 'Превью новости (большое)', '560,438', 2, NULL, NULL, '0', NULL),
(251, 5, 'Правление', '125,125', 2, NULL, NULL, '0', NULL),
(252, 6, 'Документы', '141,202', 2, NULL, NULL, '0', NULL),
(253, 2, 'Отображаемый документ', '', 3, NULL, NULL, '0', NULL),
(255, 7, 'Слайдер слева (текстовая страница)', '363,433', 2, NULL, NULL, '0', NULL),
(256, 9, 'Центральный слайдер (текстовая страница)', '673,414', 2, NULL, NULL, '0', NULL),
(257, 8, 'Слайдер справа (текстовая страница)', '475,230', 2, NULL, NULL, '0', NULL),
(258, 10, 'Ордена и медали', '', 2, NULL, NULL, '0', NULL),
(260, 11, 'Мероприятия и праздники в календаре', '534,226', 2, NULL, NULL, '0', NULL);

-- --------------------------------------------------------

--
-- Структура таблицы `pages`
--

CREATE TABLE `pages` (
  `id` int(11) NOT NULL,
  `pretitle` varchar(300) COLLATE utf8_unicode_ci NOT NULL DEFAULT 'New',
  `npp` int(11) NOT NULL DEFAULT '0',
  `data` date DEFAULT NULL,
  `cansearch` tinyint(1) NOT NULL DEFAULT '1',
  `visible` tinyint(1) NOT NULL DEFAULT '1',
  `id_pages` int(11) DEFAULT NULL,
  `cansplit` tinyint(1) NOT NULL DEFAULT '1',
  `candel` tinyint(1) NOT NULL DEFAULT '1',
  `canfoto` tinyint(1) NOT NULL DEFAULT '0',
  `candocs` tinyint(1) NOT NULL DEFAULT '0',
  `canguestbook` tinyint(1) NOT NULL DEFAULT '0',
  `canmaps` tinyint(1) NOT NULL DEFAULT '0',
  `teknode` tinyint(4) NOT NULL DEFAULT '0',
  `maxnode` tinyint(4) NOT NULL DEFAULT '1',
  `link` varchar(100) COLLATE utf8_unicode_ci NOT NULL DEFAULT '',
  `childlink` varchar(100) COLLATE utf8_unicode_ci NOT NULL DEFAULT '',
  `url` varchar(100) COLLATE utf8_unicode_ci NOT NULL DEFAULT '',
  `candrop` tinyint(1) NOT NULL DEFAULT '1',
  `childlistview` tinyint(1) NOT NULL DEFAULT '1',
  `canadd` tinyint(1) NOT NULL DEFAULT '1',
  `inupmenu` tinyint(1) NOT NULL DEFAULT '0',
  `indownmenu` tinyint(1) NOT NULL DEFAULT '0',
  `ishtmlinfo` tinyint(1) NOT NULL DEFAULT '0' COMMENT 'когда поле info надо отображать в виде простого html редактора',
  `hiddencontent` tinyint(1) NOT NULL DEFAULT '0' COMMENT 'если не имеет контента своего, а перенаправляет на детей',
  `simplycontent` tinyint(1) NOT NULL DEFAULT '0' COMMENT 'имеет простой контент, как в glossary',
  `ishashtags` tinyint(1) NOT NULL DEFAULT '0' COMMENT 'индексируется ли по хэштегу',
  `name_hashtags` varchar(100) COLLATE utf8_unicode_ci NOT NULL COMMENT 'собственный хэштег страницы',
  `canhashtags` tinyint(1) NOT NULL DEFAULT '0' COMMENT 'может быть ассоциирована с внешними хэштегами',
  `hashtags` varchar(500) COLLATE utf8_unicode_ci NOT NULL COMMENT 'перечень внешних хэштегов',
  `caninherit` tinyint(1) NOT NULL DEFAULT '0',
  `id_inherit` int(11) DEFAULT NULL COMMENT 'id страницы с которой наследовать всё',
  `css_icon` varchar(50) COLLATE utf8_unicode_ci NOT NULL,
  `cancopy` tinyint(1) NOT NULL DEFAULT '0',
  `csspoint` varchar(300) COLLATE utf8_unicode_ci NOT NULL
) ENGINE=InnoDB DEFAULT CHARSET=utf8 COLLATE=utf8_unicode_ci;

--
-- Дамп данных таблицы `pages`
--

INSERT INTO `pages` (`id`, `pretitle`, `npp`, `data`, `cansearch`, `visible`, `id_pages`, `cansplit`, `candel`, `canfoto`, `candocs`, `canguestbook`, `canmaps`, `teknode`, `maxnode`, `link`, `childlink`, `url`, `candrop`, `childlistview`, `canadd`, `inupmenu`, `indownmenu`, `ishtmlinfo`, `hiddencontent`, `simplycontent`, `ishashtags`, `name_hashtags`, `canhashtags`, `hashtags`, `caninherit`, `id_inherit`, `css_icon`, `cancopy`, `csspoint`) VALUES
(1, 'Главная', 1, NULL, 1, 1, NULL, 1, 0, 0, 0, 0, 0, 0, 1, 'index.php', '', '/', 1, 1, 1, 0, 0, 0, 0, 1, 0, '', 0, '', 0, NULL, '', 0, ''),
(2, 'О нас', 2, NULL, 1, 1, NULL, 1, 0, 0, 0, 0, 0, 0, 1, 'multipages.php', '', 'about', 1, 1, 1, 1, 1, 1, 0, 0, 0, '', 0, '', 0, NULL, '', 0, ''),
(3, 'Клуб предпринимателей', 3, NULL, 1, 1, NULL, 1, 0, 0, 0, 1, 0, 0, 1, 'multipages.php', '', 'club', 1, 1, 1, 1, 1, 1, 0, 0, 0, '', 0, '', 0, NULL, '', 0, ''),
(4, 'Пресс-центр', 4, NULL, 1, 1, NULL, 1, 0, 0, 0, 0, 0, 0, 1, 'press.php', '', 'press_center', 1, 1, 1, 1, 1, 0, 0, 0, 0, '', 0, '', 0, NULL, '', 0, ''),
(5, 'Обратная связь', 5, NULL, 1, 1, NULL, 1, 0, 0, 0, 5, 0, 0, 1, 'multipages.php', '', 'feedback', 1, 1, 1, 1, 1, 0, 0, 0, 0, '', 0, '', 0, NULL, '', 0, ''),
(6, 'Контакты', 6, NULL, 1, 1, NULL, 1, 0, 0, 0, 0, 1, 0, 1, 'contacts.php', '', 'contacts', 1, 1, 1, 1, 1, 0, 0, 1, 0, '', 0, '', 0, NULL, '', 0, ''),
(7, 'Поиск', 7, NULL, 1, 1, NULL, 0, 0, 0, 0, 0, 0, 0, 1, 'search.php', '', 'search', 1, 1, 1, 0, 0, 1, 0, 0, 0, '', 0, '', 0, NULL, '', 0, ''),
(8, 'New', 0, '2020-09-03', 1, 1, 1, 1, 1, 0, 0, 0, 0, 1, 2, 'blocks/index/mainslider.php', '', '', 1, 1, 1, 0, 0, 1, 1, 0, 0, '', 0, '', 0, NULL, '', 0, ''),
(9, 'New', 0, '2020-09-03', 1, 1, 1, 1, 1, 0, 0, 0, 0, 1, 1, 'blocks/index/heroes.php', '', '', 1, 1, 1, 0, 0, 1, 1, 0, 0, '', 0, '', 0, NULL, '', 0, ''),
(10, 'New', 0, '2020-09-03', 1, 1, 1, 1, 1, 0, 0, 0, 0, 1, 2, 'blocks/index/whatwedo.php', '', '', 1, 1, 1, 0, 0, 1, 1, 0, 0, '', 0, '', 0, NULL, '', 0, ''),
(11, 'New', 0, '2020-09-03', 1, 1, 1, 1, 1, 0, 0, 0, 0, 1, 2, 'blocks/textslider.php', '', '', 1, 1, 1, 0, 0, 1, 1, 0, 0, '', 0, '', 0, NULL, '', 0, ''),
(12, 'New', 0, '2020-09-03', 1, 1, 1, 1, 1, 0, 0, 0, 0, 1, 1, 'blocks/index/education.php', '', '', 1, 1, 1, 0, 0, 1, 1, 0, 0, '', 0, '', 0, NULL, '', 0, ''),
(13, 'New', 0, '2020-09-03', 1, 1, 1, 1, 1, 1, 0, 0, 0, 1, 2, 'blocks/index/club.php', '', '', 1, 1, 1, 0, 0, 1, 1, 0, 0, '', 0, '', 0, NULL, '', 0, ''),
(14, 'New', 0, '2020-09-03', 1, 1, 1, 1, 1, 0, 0, 0, 0, 1, 1, 'blocks/index/news.php', '', '', 1, 1, 1, 0, 0, 1, 1, 0, 0, '', 0, '', 0, NULL, '', 0, ''),
(15, 'New', 0, '2020-09-04', 1, 1, 6, 1, 1, 0, 0, 0, 0, 1, 2, 'blocks/contacts/addresses.php', '', '', 1, 1, 1, 0, 0, 1, 1, 0, 0, '', 0, '', 0, NULL, '', 0, ''),
(16, 'New', 0, '2020-09-04', 1, 1, 15, 1, 1, 1, 0, 0, 1, 2, 2, '', '', '', 1, 1, 1, 0, 0, 1, 1, 0, 0, '', 0, '', 0, NULL, 'top: -26px; left: -15px;', 0, ''),
(17, 'New', 0, '2020-09-04', 1, 1, 15, 1, 1, 1, 0, 0, 1, 2, 2, '', '', '', 1, 1, 1, 0, 0, 1, 1, 0, 0, '', 0, '', 0, NULL, 'top: -20px; left: -20px;', 0, ''),
(18, 'New', 0, '2020-09-04', 1, 1, 15, 1, 1, 1, 0, 0, 1, 2, 2, '', '', '', 1, 1, 1, 0, 0, 1, 1, 0, 0, '', 0, '', 0, NULL, 'top: -14px; left: -5px;', 0, ''),
(19, 'New', 0, '2020-09-04', 1, 1, 15, 1, 1, 1, 0, 0, 1, 2, 2, '', '', '', 1, 1, 1, 0, 0, 1, 1, 0, 0, '', 0, '', 0, NULL, 'top: -17px; left: -5px;', 0, ''),
(20, 'New', 0, '2020-09-04', 1, 1, 15, 1, 1, 1, 0, 0, 1, 2, 2, '', '', '', 1, 1, 1, 0, 0, 1, 1, 0, 0, '', 0, '', 0, NULL, 'top: -10px; left: -5px;', 0, ''),
(21, 'New', 0, '2020-09-04', 1, 1, 10, 1, 1, 0, 0, 0, 0, 2, 2, '', '', '', 1, 1, 1, 0, 0, 1, 1, 0, 0, '', 0, '', 0, NULL, '', 0, ''),
(22, 'New', 0, '2020-09-04', 1, 1, 10, 1, 1, 0, 0, 0, 0, 2, 2, '', '', '', 1, 1, 1, 0, 0, 1, 1, 0, 0, '', 0, '', 0, NULL, '', 0, ''),
(23, 'New', 0, '2020-09-04', 1, 1, 10, 1, 1, 0, 0, 0, 0, 2, 2, '', '', '', 1, 1, 1, 0, 0, 1, 1, 0, 0, '', 0, '', 0, NULL, '', 0, ''),
(24, 'New', 0, '2020-09-04', 1, 1, 11, 1, 1, 0, 0, 0, 0, 2, 2, '', '', '', 1, 1, 1, 0, 0, 1, 1, 0, 0, '', 0, '', 0, NULL, '', 0, ''),
(25, 'New', 0, '2020-09-04', 1, 1, 11, 1, 1, 0, 0, 0, 0, 2, 2, '', '', '', 1, 1, 1, 0, 0, 1, 1, 0, 0, '', 0, '', 0, NULL, '', 0, ''),
(26, 'New', 0, '2020-09-04', 1, 1, 13, 1, 1, 0, 0, 0, 0, 2, 2, '', '', '', 1, 1, 1, 0, 0, 0, 1, 1, 0, '', 0, '', 0, NULL, '', 0, ''),
(27, 'New', 0, '2020-09-04', 1, 1, 13, 1, 1, 0, 0, 0, 0, 2, 2, '', '', '', 1, 1, 1, 0, 0, 0, 1, 1, 0, '', 0, '', 0, NULL, '', 0, ''),
(28, 'New', 0, '2020-09-04', 1, 1, 5, 1, 1, 1, 0, 0, 0, 1, 2, 'blocks/feedback/faq.php', '', '', 1, 1, 1, 0, 0, 1, 1, 0, 0, '', 0, '', 0, NULL, '', 0, ''),
(29, 'New', 0, '2020-09-04', 1, 1, 28, 1, 1, 0, 0, 0, 0, 2, 2, '', '', '', 1, 1, 1, 0, 0, 0, 1, 1, 0, '', 0, '', 0, NULL, '', 0, ''),
(30, 'New', 0, '2020-09-04', 1, 1, 28, 1, 1, 0, 0, 0, 0, 2, 2, '', '', '', 1, 1, 1, 0, 0, 0, 1, 1, 0, '', 0, '', 0, NULL, '', 0, ''),
(31, 'New', 0, '2020-09-04', 1, 1, 28, 1, 1, 0, 0, 0, 0, 2, 2, '', '', '', 1, 1, 1, 0, 0, 0, 1, 1, 0, '', 0, '', 0, NULL, '', 0, ''),
(32, 'New', 0, '2020-09-04', 1, 1, 28, 1, 1, 0, 0, 0, 0, 2, 2, '', '', '', 1, 1, 1, 0, 0, 0, 1, 1, 0, '', 0, '', 0, NULL, '', 0, ''),
(33, 'New', 0, '2020-09-04', 1, 1, 28, 1, 1, 0, 0, 0, 0, 2, 2, '', '', '', 1, 1, 1, 0, 0, 0, 1, 1, 0, '', 0, '', 0, NULL, '', 0, ''),
(34, 'New', 0, '2020-09-04', 1, 1, 5, 1, 1, 0, 0, 0, 0, 1, 1, 'blocks/feedback/form_feedback.php', '', '', 1, 1, 1, 0, 0, 0, 1, 1, 0, '', 0, '', 0, NULL, '', 0, ''),
(35, 'New', 0, '2020-09-04', 1, 1, 8, 1, 1, 1, 0, 0, 0, 2, 2, '', '', '', 1, 1, 1, 0, 0, 1, 1, 0, 0, '', 0, '', 0, NULL, '', 0, ''),
(36, 'New', 0, '2020-09-04', 1, 1, 8, 1, 1, 1, 0, 0, 0, 2, 2, '', '', '', 1, 1, 1, 0, 0, 1, 1, 0, 0, '', 0, '', 0, NULL, '', 0, ''),
(37, 'New', 0, '2020-09-04', 1, 1, 8, 1, 1, 1, 0, 0, 0, 2, 2, '', '', '', 1, 1, 1, 0, 0, 1, 1, 0, 0, '', 0, '', 0, NULL, '', 0, ''),
(38, 'New', 0, '2020-09-04', 1, 1, 4, 1, 1, 0, 0, 0, 0, 1, 2, 'news.php', '', 'news', 1, 1, 1, 0, 0, 0, 0, 1, 0, '', 0, '', 0, NULL, '', 0, ''),
(39, 'New', 0, '2020-09-04', 1, 1, 4, 1, 1, 0, 0, 0, 0, 1, 2, 'activity.php', '', 'activity', 1, 1, 1, 0, 0, 0, 0, 1, 0, '', 0, '', 0, NULL, '', 0, ''),
(40, 'New', 0, '2020-09-04', 1, 1, 4, 1, 1, 0, 0, 0, 0, 1, 2, 'events.php', '', 'events', 1, 1, 1, 0, 0, 0, 0, 1, 0, '', 0, '', 0, NULL, '', 0, ''),
(41, 'New', 0, NULL, 1, 1, 2, 1, 1, 0, 0, 0, 0, 1, 2, 'multipages.php', '', 'structure', 1, 1, 1, 0, 0, 1, 0, 0, 0, '', 0, '', 0, NULL, '', 0, ''),
(42, 'New', 0, '2020-09-04', 1, 1, 2, 1, 1, 0, 0, 0, 0, 1, 2, 'docs.php', '', 'docs', 1, 1, 1, 0, 0, 0, 0, 0, 0, '', 0, '', 0, NULL, '', 0, ''),
(43, 'New', 0, '2020-09-04', 1, 1, 2, 1, 1, 0, 0, 0, 0, 1, 2, 'multipages.php', '', 'history', 1, 1, 1, 0, 0, 1, 0, 0, 0, '', 0, '', 0, NULL, '', 0, ''),
(44, 'New', 0, '2020-09-07', 1, 1, 4, 1, 1, 0, 0, 0, 0, 1, 2, 'blocks/press/calendar.php', '', '', 1, 1, 1, 0, 0, 0, 1, 1, 0, '', 0, '', 0, NULL, '', 0, ''),
(45, 'New', 0, '2020-09-07', 1, 1, 4, 1, 1, 0, 0, 0, 0, 1, 1, 'blocks/press/previews.php', '', '', 1, 1, 1, 0, 0, 0, 1, 1, 0, '', 0, '', 0, NULL, '', 0, ''),
(46, 'New', 0, '2020-09-07', 1, 1, 3, 1, 1, 0, 0, 0, 0, 1, 2, 'multipages.php', '', 'join', 1, 1, 1, 0, 0, 1, 0, 0, 0, '', 0, '', 0, NULL, '', 0, ''),
(47, 'New', 0, NULL, 1, 1, 3, 1, 1, 1, 1, 0, 0, 1, 1, '', '', 'merch', 1, 1, 1, 0, 0, 0, 0, 0, 0, '', 0, '', 0, NULL, '', 0, ''),
(48, 'New', 0, '2020-09-13', 1, 1, 42, 1, 1, 1, 1, 0, 0, 2, 2, '', '', '', 1, 1, 1, 0, 0, 1, 1, 0, 0, '', 0, '', 0, NULL, '', 0, ''),
(49, 'New', 0, '2020-09-13', 1, 1, 42, 1, 1, 1, 1, 0, 0, 2, 2, '', '', '', 1, 1, 1, 0, 0, 1, 1, 0, 0, '', 0, '', 0, NULL, '', 0, ''),
(50, 'New', 0, '2020-09-13', 1, 1, 42, 1, 1, 1, 1, 0, 0, 2, 2, '', '', '', 1, 1, 1, 0, 0, 1, 1, 0, 0, '', 0, '', 0, NULL, '', 0, ''),
(51, 'New', 0, '2020-09-13', 1, 1, 2, 1, 1, 1, 0, 0, 0, 1, 2, 'blocks/about/aboutus.php', '', '', 1, 1, 1, 0, 0, 0, 1, 1, 0, '', 0, '', 0, NULL, '', 0, ''),
(52, 'New', 0, '2020-09-13', 1, 1, 2, 1, 1, 0, 0, 0, 0, 1, 2, 'blocks/about/activities.php', '', '', 1, 1, 0, 0, 0, 1, 1, 0, 0, '', 0, '', 0, NULL, '', 0, ''),
(53, 'New', 0, '2020-09-13', 1, 1, 2, 1, 1, 0, 0, 0, 0, 1, 2, 'blocks/about/textslider_history.php', '', '', 1, 1, 1, 0, 0, 1, 1, 0, 0, '', 0, '', 0, NULL, '', 0, ''),
(54, 'New', 0, '2020-09-13', 1, 1, 2, 1, 1, 0, 0, 0, 0, 1, 1, 'blocks/about/sublinks.php', '', '', 1, 1, 1, 0, 0, 1, 1, 0, 0, '', 0, '', 0, NULL, '_special', 0, ''),
(55, 'Дополнительные страницы', 8, NULL, 1, 1, NULL, 1, 0, 0, 0, 0, 0, 0, 2, '', '', '', 0, 1, 1, 0, 0, 1, 1, 0, 0, '', 0, '', 0, NULL, '', 0, ''),
(56, 'New', 0, '2020-09-13', 1, 1, 55, 1, 1, 1, 1, 0, 0, 1, 2, '', '', '', 1, 1, 1, 0, 0, 0, 0, 0, 0, '', 0, '', 0, NULL, '', 0, ''),
(57, 'New', 0, NULL, 1, 1, 55, 1, 1, 1, 1, 0, 0, 1, 2, 'multipages.php', '', '', 1, 1, 1, 0, 0, 0, 0, 1, 0, '', 0, '', 0, NULL, '', 0, ''),
(58, 'New', 0, '2020-09-13', 1, 1, 57, 1, 1, 1, 1, 0, 0, 2, 2, '', '', '', 1, 1, 1, 0, 0, 0, 1, 0, 0, '', 0, '', 0, NULL, '', 0, ''),
(59, 'New', 0, '2020-09-13', 1, 1, 57, 1, 1, 1, 1, 0, 0, 2, 2, 'blocks/index/news.php', '', '', 1, 1, 1, 0, 0, 0, 1, 0, 0, '', 0, '', 0, NULL, '', 0, ''),
(60, 'New', 0, '2020-05-20', 1, 1, 38, 1, 1, 1, 1, 0, 0, 2, 2, '', '', '', 1, 1, 1, 0, 0, 0, 0, 0, 0, '', 0, '', 0, NULL, '', 0, ''),
(61, 'New', 0, '2020-05-24', 1, 1, 38, 1, 1, 1, 1, 0, 0, 2, 2, '', '', '', 1, 1, 1, 0, 0, 0, 0, 0, 0, '', 0, '', 0, NULL, '', 1, ''),
(62, 'New', 0, '2020-06-04', 1, 1, 38, 1, 1, 1, 1, 0, 0, 2, 2, '', '', '', 1, 1, 1, 0, 0, 0, 0, 0, 0, '', 0, '', 0, NULL, '', 1, ''),
(63, 'New', 0, '2020-05-23', 1, 1, 38, 1, 1, 1, 1, 0, 0, 2, 2, '', '', '', 1, 1, 1, 0, 0, 0, 0, 0, 0, '', 0, '', 0, NULL, '', 1, ''),
(64, 'New', 0, '2020-06-03', 1, 1, 38, 1, 1, 1, 1, 0, 0, 2, 2, '', '', '', 1, 1, 1, 0, 0, 0, 0, 0, 0, '', 0, '', 0, NULL, '', 1, ''),
(65, 'New', 0, '2020-09-13', 1, 1, 38, 1, 1, 1, 1, 0, 0, 2, 2, '', '', '', 1, 1, 1, 0, 0, 0, 0, 0, 0, '', 0, '', 0, NULL, '', 1, ''),
(66, 'New', 0, '2020-03-13', 1, 1, 38, 1, 1, 1, 1, 0, 0, 2, 2, '', '', '', 1, 1, 1, 0, 0, 0, 0, 0, 0, '', 0, '', 0, NULL, '', 1, ''),
(67, 'New', 0, '2020-06-15', 1, 1, 39, 1, 1, 1, 1, 0, 0, 2, 2, '', '', '', 1, 1, 1, 0, 0, 0, 0, 0, 0, '', 0, '', 0, NULL, '', 1, ''),
(68, 'New', 0, '2020-06-17', 1, 1, 39, 1, 1, 1, 1, 0, 0, 2, 2, '', '', '', 1, 1, 1, 0, 0, 0, 0, 0, 0, '', 0, '', 0, NULL, '', 1, ''),
(69, 'New', 0, '2020-06-22', 1, 1, 39, 1, 1, 1, 1, 0, 0, 2, 2, '', '', '', 1, 1, 1, 0, 0, 0, 0, 0, 0, '', 0, '', 0, NULL, '', 1, ''),
(70, 'New', 0, '2020-06-24', 1, 1, 39, 1, 1, 1, 1, 0, 0, 2, 2, '', '', '', 1, 1, 1, 0, 0, 0, 0, 0, 0, '', 0, '', 0, NULL, '', 1, ''),
(71, 'New', 0, '2020-08-02', 1, 1, 39, 1, 1, 1, 1, 0, 0, 2, 2, '', '', '', 1, 1, 1, 0, 0, 0, 0, 0, 0, '', 0, '', 0, NULL, '', 1, ''),
(72, 'New', 0, '2020-08-12', 1, 1, 39, 1, 1, 1, 1, 0, 0, 2, 2, '', '', '', 1, 1, 1, 0, 0, 0, 0, 0, 0, '', 0, '', 0, NULL, '', 1, ''),
(73, 'New', 0, '2020-01-12', 1, 1, 39, 1, 1, 1, 1, 0, 0, 2, 2, '', '', '', 1, 1, 1, 0, 0, 0, 0, 0, 0, '', 0, '', 0, NULL, '', 1, ''),
(74, 'New', 0, '2020-03-05', 1, 1, 40, 1, 1, 1, 1, 0, 0, 2, 2, '', '', '', 1, 1, 1, 0, 0, 0, 0, 0, 0, '', 0, '', 0, NULL, '', 1, ''),
(75, 'New', 0, '2020-05-13', 1, 1, 40, 1, 1, 1, 1, 0, 0, 2, 2, '', '', '', 1, 1, 1, 0, 0, 0, 0, 0, 0, '', 0, '', 0, NULL, '', 1, ''),
(76, 'New', 0, '2020-05-28', 1, 1, 40, 1, 1, 1, 1, 0, 0, 2, 2, '', '', '', 1, 1, 1, 0, 0, 0, 0, 0, 0, '', 0, '', 0, NULL, '', 1, ''),
(77, 'New', 0, '2020-06-01', 1, 1, 40, 1, 1, 1, 1, 0, 0, 2, 2, '', '', '', 1, 1, 1, 0, 0, 0, 0, 0, 0, '', 0, '', 0, NULL, '', 1, ''),
(78, 'New', 0, '2020-06-04', 1, 1, 40, 1, 1, 1, 1, 0, 0, 2, 2, '', '', '', 1, 1, 1, 0, 0, 0, 0, 0, 0, '', 0, '', 0, NULL, '', 1, ''),
(79, 'New', 0, '2020-06-12', 1, 1, 40, 1, 1, 1, 1, 0, 0, 2, 2, '', '', '', 1, 1, 1, 0, 0, 0, 0, 0, 0, '', 0, '', 0, NULL, '', 1, ''),
(80, 'New', 0, '2020-06-18', 1, 1, 40, 1, 1, 1, 1, 0, 0, 2, 2, '', '', '', 1, 1, 1, 0, 0, 0, 0, 0, 0, '', 0, '', 0, NULL, '', 1, ''),
(81, 'New', 0, '2020-06-22', 1, 1, 40, 1, 1, 1, 1, 0, 0, 2, 2, '', '', '', 1, 1, 1, 0, 0, 0, 0, 0, 0, '', 0, '', 0, NULL, '', 1, ''),
(82, 'New', 0, '2020-06-25', 1, 1, 40, 1, 1, 1, 1, 0, 0, 2, 2, '', '', '', 1, 1, 1, 0, 0, 0, 0, 0, 0, '', 0, '', 0, NULL, '', 1, ''),
(83, 'New', 0, '2020-07-02', 1, 1, 40, 1, 1, 1, 1, 0, 0, 2, 2, '', '', '', 1, 1, 1, 0, 0, 0, 0, 0, 0, '', 0, '', 0, NULL, '', 1, ''),
(84, 'New', 0, '2020-07-14', 1, 1, 40, 1, 1, 1, 1, 0, 0, 2, 2, '', '', '', 1, 1, 1, 0, 0, 0, 0, 0, 0, '', 0, '', 0, NULL, '', 1, ''),
(85, 'New', 0, '2020-09-13', 1, 1, 51, 1, 1, 0, 0, 0, 0, 2, 2, '', '', '', 1, 1, 1, 0, 0, 1, 1, 0, 0, '', 0, '', 0, NULL, '', 0, ''),
(86, 'New', 0, '2020-09-13', 1, 1, 51, 1, 1, 0, 0, 0, 0, 2, 2, '', '', '', 1, 1, 1, 0, 0, 1, 1, 0, 0, '', 0, '', 0, NULL, '', 0, ''),
(87, 'New', 0, '2020-09-13', 1, 1, 51, 1, 1, 0, 0, 0, 0, 2, 2, '', '', '', 1, 1, 1, 0, 0, 1, 1, 0, 0, '', 0, '', 0, NULL, '', 0, ''),
(88, 'New', 0, '2020-09-13', 1, 1, 52, 1, 1, 0, 0, 0, 0, 2, 2, '', '', '', 1, 1, 1, 0, 0, 0, 1, 1, 0, '', 0, '', 0, NULL, '', 0, ''),
(89, 'New', 0, '2020-09-13', 1, 1, 52, 1, 1, 0, 0, 0, 0, 2, 2, '', '', '', 1, 1, 1, 0, 0, 0, 1, 1, 0, '', 0, '', 0, NULL, '', 0, ''),
(90, 'New', 0, '2020-09-13', 1, 1, 52, 1, 1, 0, 0, 0, 0, 2, 2, '', '', '', 1, 1, 1, 0, 0, 0, 1, 1, 0, '', 0, '', 0, NULL, '', 0, ''),
(91, 'New', 0, '2020-09-13', 1, 1, 52, 1, 1, 0, 0, 0, 0, 2, 2, '', '', '', 1, 1, 1, 0, 0, 0, 1, 1, 0, '', 0, '', 0, NULL, '', 0, ''),
(92, 'New', 0, '2020-09-13', 1, 1, 53, 1, 1, 0, 0, 0, 0, 2, 2, '', '', '', 1, 1, 1, 0, 0, 1, 1, 0, 0, '', 0, '', 0, NULL, '', 0, ''),
(93, 'New', 0, '2020-09-13', 1, 1, 53, 1, 1, 0, 0, 0, 0, 2, 2, '', '', '', 1, 1, 1, 0, 0, 1, 1, 0, 0, '', 0, '', 0, NULL, '', 0, ''),
(94, 'New', 0, '2020-09-14', 1, 1, 41, 1, 1, 1, 1, 0, 0, 2, 2, '', '', '', 1, 1, 1, 0, 0, 0, 1, 0, 0, '', 0, '', 0, NULL, '', 0, ''),
(95, 'New', 0, '2020-09-14', 1, 1, 41, 1, 1, 0, 0, 0, 0, 2, 3, 'blocks/about/structure.php', '', '', 1, 1, 1, 0, 0, 1, 1, 0, 0, '', 0, '', 0, NULL, '', 0, ''),
(96, 'New', 0, '2020-09-14', 1, 1, 95, 1, 1, 1, 1, 0, 0, 3, 4, '', '', '', 1, 1, 1, 0, 0, 0, 1, 0, 0, '', 0, '', 0, NULL, '', 0, ''),
(97, 'New', 0, '2020-09-14', 1, 1, 96, 1, 1, 1, 0, 0, 0, 4, 4, '', '', '', 1, 1, 1, 0, 0, 0, 1, 0, 1, '#management, #council, #heroes', 0, '', 0, NULL, '', 0, ''),
(98, 'New', 0, '2020-09-14', 1, 1, 95, 1, 1, 0, 0, 0, 0, 3, 3, '', '', '', 1, 1, 1, 0, 0, 1, 1, 0, 0, '', 1, '#management', 0, NULL, '', 0, ''),
(99, 'New', 0, '2020-09-14', 1, 1, 95, 1, 1, 0, 0, 0, 0, 3, 3, '', '', '', 1, 1, 1, 0, 0, 1, 1, 0, 0, '', 1, '#council', 0, NULL, '', 0, ''),
(100, 'New', 0, '2020-09-14', 1, 1, 95, 1, 1, 0, 0, 0, 0, 3, 3, '', '', '', 1, 1, 1, 0, 0, 1, 1, 0, 0, '', 1, '#heroes', 0, NULL, '', 0, ''),
(101, 'New', 0, '2020-09-14', 1, 1, 95, 1, 1, 0, 0, 0, 0, 3, 3, '', '', '', 1, 1, 1, 0, 0, 1, 1, 0, 0, '', 1, '#clubfaces', 0, NULL, '', 0, ''),
(102, 'New', 0, '2020-09-14', 1, 1, 41, 1, 1, 1, 0, 0, 0, 2, 3, 'blocks/about/units.php', '', '', 1, 1, 0, 0, 0, 1, 1, 0, 0, '', 0, '', 0, NULL, '', 0, ''),
(103, 'New', 0, '2020-09-14', 1, 1, 102, 1, 1, 0, 0, 0, 0, 3, 3, '', '', '', 1, 1, 1, 0, 0, 1, 1, 0, 0, '', 0, '', 0, NULL, '', 0, ''),
(104, 'New', 0, '2020-09-14', 1, 1, 102, 1, 1, 0, 0, 0, 0, 3, 3, '', '', '', 1, 1, 1, 0, 0, 1, 1, 0, 0, '', 0, '', 0, NULL, '_star', 0, ''),
(105, 'New', 0, '2020-09-14', 1, 1, 102, 1, 1, 0, 0, 0, 0, 3, 3, '', '', '', 1, 1, 1, 0, 0, 1, 1, 0, 0, '', 0, '', 0, NULL, '', 0, ''),
(106, 'New', 0, '2020-09-14', 1, 1, 41, 1, 1, 0, 0, 0, 0, 2, 3, 'blocks/about/regional.php', '', '', 1, 1, 1, 0, 0, 1, 1, 0, 0, '', 0, '', 0, NULL, '', 0, ''),
(107, 'New', 0, '2020-09-14', 1, 1, 106, 1, 1, 1, 0, 0, 0, 3, 3, '', '', '', 1, 1, 1, 0, 0, 0, 1, 0, 0, '', 0, '', 0, NULL, 'top: 64%; left: 48.8%;', 0, 'top: -114px; left: -53px;'),
(108, 'New', 0, '2020-09-14', 1, 1, 106, 1, 1, 1, 0, 0, 0, 3, 3, '', '', '', 1, 1, 1, 0, 0, 0, 1, 0, 0, '', 0, '', 0, NULL, 'top: 50%; left: 30.5%;', 0, 'top: -112px; left: -58px;'),
(109, 'New', 0, '2020-09-14', 1, 1, 106, 1, 1, 1, 0, 0, 0, 3, 3, '', '', '', 1, 1, 1, 0, 0, 0, 1, 0, 0, '', 0, '', 0, NULL, 'top: 51.4%; left: 23.8%;', 0, 'top: -102px; left: -42px;'),
(110, 'New', 0, '2020-09-14', 1, 1, 106, 1, 1, 1, 0, 0, 0, 3, 3, '', '', '', 1, 1, 1, 0, 0, 0, 1, 0, 0, '', 0, '', 0, NULL, 'top: 43.8%; left: 2.3%;', 0, 'top: -113px; left: -42px;'),
(111, 'New', 0, '2020-09-14', 1, 1, 106, 1, 1, 1, 0, 0, 0, 3, 3, '', '', '', 1, 1, 1, 0, 0, 0, 1, 0, 0, '', 0, '', 0, NULL, 'top: 44.5%; left: 22%;', 0, 'top: -97px; left: -42px;'),
(112, 'New', 0, '2020-09-14', 1, 1, 41, 1, 1, 1, 0, 0, 0, 2, 2, 'blocks/about/partnerslinks.php', '', '', 1, 1, 1, 0, 0, 1, 1, 0, 0, '', 0, '', 0, NULL, '', 0, ''),
(113, 'New', 0, '2020-09-15', 1, 1, 43, 1, 1, 1, 0, 0, 0, 2, 2, 'blocks/about/historytop.php', '', '', 1, 1, 1, 0, 0, 0, 1, 0, 0, '', 0, '', 0, NULL, '', 0, ''),
(114, 'New', 1, '2020-09-15', 1, 1, 115, 1, 1, 0, 0, 0, 0, 3, 3, '', '', '', 1, 1, 1, 0, 0, 0, 1, 0, 0, '', 0, '', 0, NULL, 'bottom: 23.5%; left: 10.5%;', 0, 'top: -45px; left: 20px;'),
(115, 'New', 0, '2020-09-15', 1, 1, 43, 1, 1, 1, 0, 0, 0, 2, 3, 'blocks/about/scheme.php', '', '', 1, 1, 1, 0, 0, 1, 1, 0, 0, '', 0, '', 0, NULL, '', 0, ''),
(116, 'New', 3, '2020-09-15', 1, 1, 115, 1, 1, 0, 0, 0, 0, 3, 3, '', '', '', 1, 1, 1, 0, 0, 0, 1, 0, 0, '', 0, '', 0, NULL, 'bottom: 50%; left: 42.5%;', 0, 'top: -10px; left: 40px;'),
(117, 'New', 5, '2020-09-15', 1, 1, 115, 1, 1, 0, 0, 0, 0, 3, 3, '', '', '', 1, 1, 1, 0, 0, 0, 1, 0, 0, '', 0, '', 0, NULL, 'top: 13%; right: 31%;', 0, 'top: 20px; left: 40px;'),
(118, 'New', 2, '2020-09-15', 1, 1, 115, 1, 1, 0, 0, 0, 0, 3, 3, '', '', '', 1, 1, 1, 0, 0, 0, 1, 0, 0, '', 0, '', 0, NULL, 'bottom: 41%; left: 29%;', 0, 'top: -20px; left: 25px;'),
(119, 'New', 4, '2020-09-15', 1, 1, 115, 1, 1, 0, 0, 0, 0, 3, 3, '', '', '', 1, 1, 1, 0, 0, 0, 1, 0, 0, '', 0, '', 0, NULL, 'top: 29.5%; right: 40%;', 0, 'top: 20px; left: 40px;'),
(120, 'New', 6, '2020-09-15', 1, 1, 115, 1, 1, 0, 0, 0, 0, 3, 3, '', '', '', 1, 1, 1, 0, 0, 0, 1, 0, 0, '', 0, '', 0, NULL, 'top: 9%; right: 17%;', 0, 'top: -25px; left: 15px;'),
(121, 'New', 0, '2020-09-15', 1, 1, 43, 1, 1, 0, 0, 0, 0, 2, 3, 'blocks/about/conferences.php', '', '', 1, 1, 1, 0, 0, 1, 1, 0, 0, '', 0, '', 0, NULL, '', 0, ''),
(122, 'New', 0, '2018-09-15', 1, 1, 121, 1, 1, 1, 1, 0, 0, 3, 3, '', '', '', 1, 1, 1, 0, 0, 0, 0, 0, 0, '', 0, '', 0, NULL, '', 0, ''),
(123, 'New', 0, '2019-06-15', 1, 1, 121, 1, 1, 1, 1, 0, 0, 3, 3, '', '', '', 1, 1, 1, 0, 0, 0, 0, 0, 0, '', 0, '', 0, NULL, '', 1, ''),
(124, 'New', 0, '2019-06-15', 1, 1, 121, 1, 1, 1, 1, 0, 0, 3, 3, '', '', '', 1, 1, 1, 0, 0, 0, 0, 0, 0, '', 0, '', 0, NULL, '', 1, ''),
(125, 'New', 0, '2019-06-15', 1, 1, 121, 1, 1, 1, 1, 0, 0, 3, 3, '', '', '', 1, 1, 1, 0, 0, 0, 0, 0, 0, '', 0, '', 0, NULL, '', 1, ''),
(126, 'New', 0, '2019-06-15', 1, 1, 121, 1, 1, 1, 1, 0, 0, 3, 3, '', '', '', 1, 1, 1, 0, 0, 0, 0, 0, 0, '', 0, '', 0, NULL, '', 1, ''),
(127, 'New', 0, '2019-06-15', 1, 1, 121, 1, 1, 1, 1, 0, 0, 3, 3, '', '', '', 1, 1, 1, 0, 0, 0, 0, 0, 0, '', 0, '', 0, NULL, '', 1, ''),
(128, 'New', 0, '2019-06-15', 1, 1, 121, 1, 1, 1, 1, 0, 0, 3, 3, '', '', '', 1, 1, 1, 0, 0, 0, 0, 0, 0, '', 0, '', 0, NULL, '', 1, ''),
(129, 'New', 0, '2019-06-15', 1, 1, 121, 1, 1, 1, 1, 0, 0, 3, 3, '', '', '', 1, 1, 1, 0, 0, 0, 0, 0, 0, '', 0, '', 0, NULL, '', 1, ''),
(130, 'New', 0, '2020-09-15', 1, 1, 3, 1, 1, 0, 0, 0, 0, 1, 1, 'blocks/about/historytop.php', '', '', 1, 1, 1, 0, 0, 0, 1, 1, 0, '', 0, '', 0, NULL, '', 0, ''),
(131, 'New', 0, '2020-09-15', 1, 1, 3, 1, 1, 0, 0, 0, 0, 1, 2, 'blocks/textslider.php', '', '', 1, 1, 1, 0, 0, 1, 1, 0, 0, '', 0, '', 0, NULL, '_green', 0, ''),
(132, 'New', 0, '2020-09-15', 1, 1, 131, 1, 1, 0, 0, 0, 0, 2, 2, '', '', '', 1, 1, 1, 0, 0, 1, 1, 0, 0, '', 0, '', 0, NULL, '', 0, ''),
(133, 'New', 0, '2020-09-15', 1, 1, 131, 1, 1, 0, 0, 0, 0, 2, 2, '', '', '', 1, 1, 1, 0, 0, 1, 1, 0, 0, '', 0, '', 0, NULL, '', 0, ''),
(134, 'New', 0, '2020-09-15', 1, 1, 3, 1, 1, 0, 0, 0, 0, 1, 2, 'blocks/club/partners.php', '', '', 1, 1, 1, 0, 0, 0, 1, 1, 0, '', 0, '', 0, NULL, '', 0, ''),
(135, 'New', 0, '2020-09-15', 1, 1, 134, 1, 1, 1, 0, 0, 0, 2, 2, '', '', '', 1, 1, 1, 0, 0, 0, 0, 0, 0, '', 0, '', 0, NULL, '', 0, ''),
(136, 'New', 0, '2020-09-15', 1, 1, 134, 1, 1, 1, 0, 0, 0, 2, 2, '', '', '', 1, 1, 1, 0, 0, 0, 0, 0, 0, '', 0, '', 0, NULL, '', 0, ''),
(137, 'New', 0, '2020-09-15', 1, 1, 134, 1, 1, 1, 0, 0, 0, 2, 2, '', '', '', 1, 1, 1, 0, 0, 0, 0, 0, 0, '', 0, '', 0, NULL, '', 0, ''),
(138, 'New', 0, '2020-09-15', 1, 1, 134, 1, 1, 1, 0, 0, 0, 2, 2, '', '', '', 1, 1, 1, 0, 0, 0, 0, 0, 0, '', 0, '', 0, NULL, '', 0, ''),
(139, 'New', 0, '2020-09-15', 1, 1, 3, 1, 1, 0, 0, 0, 0, 1, 1, 'blocks/club/club_feedback_form.php', '', '', 1, 1, 1, 0, 0, 0, 1, 1, 0, '', 0, '', 0, NULL, '', 0, ''),
(140, 'New', 0, '2020-09-15', 1, 1, 3, 1, 1, 0, 0, 0, 0, 1, 1, 'blocks/about/sublinks.php', '', '', 1, 1, 1, 0, 0, 1, 1, 0, 0, '', 0, '', 0, NULL, '', 0, ''),
(141, 'New', 0, '2020-09-15', 1, 1, 46, 1, 1, 1, 1, 0, 0, 2, 2, 'blocks/doublecolumn.php', '', '', 1, 1, 1, 0, 0, 0, 1, 0, 0, '', 0, '', 0, NULL, '', 0, ''),
(142, 'New', 0, '2020-09-15', 1, 1, 46, 1, 1, 1, 1, 0, 0, 2, 2, 'blocks/club/joinform.php', '', '', 1, 1, 1, 0, 0, 0, 1, 0, 0, '', 0, '', 0, NULL, '', 0, ''),
(144, 'Всплывающие окна', 9, NULL, 1, 1, NULL, 1, 0, 0, 0, 0, 0, 0, 1, '', '', '', 1, 1, 1, 0, 0, 1, 1, 0, 0, '', 0, '', 0, NULL, '', 0, ''),
(145, 'New', 0, '2020-09-16', 1, 1, 144, 1, 1, 0, 0, 0, 0, 1, 1, '', '', '', 1, 1, 1, 0, 0, 0, 1, 1, 0, '', 0, '', 0, NULL, '', 0, ''),
(146, 'New', 0, '2020-09-16', 1, 1, 144, 1, 1, 0, 0, 0, 0, 1, 1, '', '', '', 1, 1, 1, 0, 0, 0, 1, 1, 0, '', 0, '', 0, NULL, '', 0, ''),
(147, 'New', 0, '2020-09-16', 1, 1, 144, 1, 1, 0, 0, 0, 0, 1, 1, '', '', '', 1, 1, 1, 0, 0, 0, 1, 1, 0, '', 0, '', 0, NULL, '', 0, ''),
(148, 'New', 0, '2020-09-16', 1, 1, 144, 1, 1, 0, 0, 0, 0, 1, 1, '', '', '', 1, 1, 1, 0, 0, 0, 1, 1, 0, '', 0, '', 0, NULL, '', 0, ''),
(149, 'New', 0, '2018-08-02', 1, 1, 44, 1, 1, 1, 1, 0, 0, 2, 2, '', '', '', 1, 1, 1, 0, 0, 0, 1, 0, 0, '', 0, '', 0, NULL, '', 0, '');

-- --------------------------------------------------------

--
-- Структура таблицы `pcontent`
--

CREATE TABLE `pcontent` (
  `id` int(11) NOT NULL,
  `title` varchar(300) COLLATE utf8_unicode_ci NOT NULL DEFAULT 'New',
  `banner` text COLLATE utf8_unicode_ci NOT NULL,
  `direct_title` varchar(300) COLLATE utf8_unicode_ci NOT NULL,
  `doptitle` varchar(300) COLLATE utf8_unicode_ci NOT NULL,
  `keywords` varchar(300) COLLATE utf8_unicode_ci NOT NULL,
  `description` varchar(500) COLLATE utf8_unicode_ci NOT NULL,
  `preinfo` varchar(2000) COLLATE utf8_unicode_ci DEFAULT NULL,
  `info` text COLLATE utf8_unicode_ci NOT NULL,
  `dopinfo` text COLLATE utf8_unicode_ci NOT NULL,
  `position` varchar(300) COLLATE utf8_unicode_ci DEFAULT NULL,
  `rank` varchar(300) COLLATE utf8_unicode_ci DEFAULT NULL,
  `adr` varchar(300) COLLATE utf8_unicode_ci NOT NULL,
  `last_mod` timestamp NOT NULL DEFAULT CURRENT_TIMESTAMP ON UPDATE CURRENT_TIMESTAMP,
  `x` double NOT NULL,
  `y` double NOT NULL,
  `ontop` tinyint(1) NOT NULL DEFAULT '0',
  `id_pages` int(11) DEFAULT NULL,
  `id_allblocks` int(11) DEFAULT '1',
  `id_pcinherit` int(11) DEFAULT NULL
) ENGINE=InnoDB DEFAULT CHARSET=utf8 COLLATE=utf8_unicode_ci;

--
-- Дамп данных таблицы `pcontent`
--

INSERT INTO `pcontent` (`id`, `title`, `banner`, `direct_title`, `doptitle`, `keywords`, `description`, `preinfo`, `info`, `dopinfo`, `position`, `rank`, `adr`, `last_mod`, `x`, `y`, `ontop`, `id_pages`, `id_allblocks`, `id_pcinherit`) VALUES
(1, 'Главная', '', '', '', '', '', NULL, '', '', NULL, NULL, '', '2020-09-03 14:50:29', 0, 0, 0, 1, 1, NULL),
(2, 'О нас', '', '', '', '', '', NULL, '', '', NULL, NULL, '', '2020-09-03 14:50:29', 0, 0, 0, 2, 1, NULL),
(3, 'Клуб предпринимателей', '', '', '', '', '', NULL, '', '', NULL, NULL, '', '2020-09-03 14:50:29', 0, 0, 0, 3, 1, NULL),
(4, 'Пресс-центр', '', '', '', '', '', NULL, '', '', NULL, NULL, '', '2020-09-03 14:50:29', 0, 0, 0, 4, 1, NULL),
(5, 'Обратная связь', '', '', '', '', '', NULL, '', '', NULL, NULL, '', '2020-09-03 14:50:29', 0, 0, 0, 5, 1, NULL),
(6, 'Контакты', '', '', '', '', '', NULL, '<p>Головной офис</p>', '', NULL, NULL, 'г.Москва, Россия,Новая площадь 10, офис 41', '2020-09-04 06:04:17', 55.757977, 37.627184, 0, 6, 1, NULL),
(7, 'Поиск', '', '', '', '', '', NULL, 'Найдено', 'Ничего не найдено', NULL, NULL, '', '2020-09-16 11:17:37', 0, 0, 0, 7, 1, NULL),
(8, 'Главный слайдер', '', '', '', '', '', NULL, '', '', NULL, NULL, '', '2020-09-03 16:09:45', 0, 0, 0, 8, 1, NULL),
(9, 'Аллея героев', '', '', '', '', '', NULL, '', '', NULL, NULL, '', '2020-09-03 16:11:21', 0, 0, 0, 9, 1, NULL),
(10, 'Деятельность фонда в цифрах', '', '', '', '', '', NULL, 'Деятельность фонда', 'в цифрах', NULL, NULL, '', '2020-09-04 11:25:43', 0, 0, 0, 10, 1, NULL),
(11, 'Наши цели', '', '', '', '', '', NULL, '', '', NULL, NULL, '', '2020-09-03 16:14:06', 0, 0, 0, 11, 1, NULL),
(12, 'Воспитание патриотизма у молодёжи', 'Реализовывать программы и проекты, направленные на развитие патриотического воспитания современной молодежи.', '', '', '', '', NULL, 'Воспитание патриотизма у молодежи', 'Воспитываем с 2003 года', NULL, NULL, '', '2020-09-04 11:47:47', 0, 0, 0, 12, 1, NULL),
(13, 'Клуб<br>предпринимателей', '', '', '', '', '', NULL, 'помогаем, потому что можем', '', NULL, NULL, '', '2020-09-04 11:53:54', 0, 0, 0, 13, 1, NULL),
(14, 'Новости', '', '', '', '', '', NULL, '', '', NULL, NULL, '', '2020-09-03 16:17:42', 0, 0, 0, 14, 1, NULL),
(15, 'Региональные<br>представительства', '', '', '', '', '', NULL, '', '', NULL, NULL, '', '2020-09-04 06:26:52', 0, 0, 0, 15, 1, NULL),
(16, 'Благомир-Сибирь', '', '', '', '', '', NULL, '', '+7(495) 624-34-36', '', NULL, 'г.Красноярск, ул.Ленина, 70', '2020-09-14 15:47:02', 56.01385, 92.871634, 0, 16, 1, NULL),
(17, 'Благомир-Урал', '', '', '', '', '', NULL, '', '+7(495) 624-34-36', '', NULL, 'г. Екатеринбург, ул. Ленина, 70', '2020-09-14 15:47:05', 56.842492, 60.643783, 0, 17, 1, NULL),
(18, 'Благомир-Башкортостан', '', '', '', '', '', NULL, '', '+7(495) 624-34-36', '', NULL, 'г. Уфа, ул.Ленина, 70', '2020-09-14 15:47:09', 54.733021, 55.951172, 0, 18, 1, NULL),
(19, 'Благомир-Крым', '', '', '', '', '', NULL, '', '+7(495) 624-34-36', '', NULL, 'г. Симферополь, ул.Ленина, 70', '2020-09-14 15:47:07', 44.950438, 34.108735, 0, 19, 1, NULL),
(20, 'Благомир-Татарстан', '', '', '', '', '', NULL, '', '+7(495) 624-34-36', '', NULL, 'г. Казань, ул. Ленина, 70', '2020-09-14 15:47:04', 55.881394, 49.159226, 0, 20, 1, NULL),
(21, 'Количество компаний', 'участвующих в жизни фонда', '', '', '', '', NULL, '250', 'компаний', NULL, NULL, '', '2020-09-04 11:28:32', 0, 0, 0, 21, 1, NULL),
(22, 'Количество мероприятий', 'проведено при участии фонда', '', '', '', '', NULL, '1423', 'мероприятия', NULL, NULL, '', '2020-09-04 11:29:06', 0, 0, 0, 22, 1, NULL),
(23, 'Количество ветеранов', 'получили помощь', '', '', '', '', NULL, '567', 'ветеранов', NULL, NULL, '', '2020-09-04 11:29:42', 0, 0, 0, 23, 1, NULL),
(24, 'Забота о ветеранах', '', '', '', '', '', NULL, 'Наша цель', 'Заботиться о ветеранах боевых действий: оказывать необходимую<br>медицинскую помощь и психологическую поддержку,<br>улучшать их качество жизни', NULL, NULL, '', '2020-09-04 11:42:15', 0, 0, 0, 24, 1, NULL),
(25, 'Социальные проекты', '', '', '', '', '', NULL, 'Наша миссия', 'Реализовывать социальные проекты, вызывающие чувство гордости за прошлое и настоящее нашей страны.', NULL, NULL, '', '2020-09-04 11:42:59', 0, 0, 0, 25, 1, NULL),
(26, 'Информация', '', '', '', '', '', NULL, '<p>Региональная общественная организация правовой и социальной поддержки ветеранов &laquo;БЛАГОМИР&raquo; приглашает предпринимателей в свои ряды</p>\n<h3>Кого мы ждем в первую очередь:</h3>\n<ul>\n<li>бизнесменов и юристов</li>\n<li>филантропов и меценатов</li>\n<li>людей, которые могут и хотят помогать тем, кто защищал,<br />защищает нас и будет защищать</li>\n</ul>', '', NULL, NULL, '', '2020-09-04 12:00:48', 0, 0, 0, 26, 1, NULL),
(27, 'Как вступить?', '', '', '', '', '', NULL, '<p>Региональная общественная организация правовой и социальной поддержки ветеранов &laquo;БЛАГОМИР&raquo; приглашает предпринимателей в свои ряды</p>\n<h3>Кого мы ждем в первую очередь:</h3>\n<ul>\n<li>людей, которые могут и хотят помогать тем, кто защищал,<br />защищает нас и будет защищать</li>\n<li>бизнесменов и юристов</li>\n<li>филантропов и меценатов</li>\n</ul>', '', NULL, NULL, '', '2020-09-04 12:01:15', 0, 0, 0, 27, 1, NULL),
(28, 'Часто задаваемые вопросы', '', '', '', '', '', NULL, 'Часто задаваемые вопросы', 'Мы собрали здесь ответы на наиболее часто задаваемые вопросы нашему фонду', NULL, NULL, '', '2020-09-04 13:25:11', 0, 0, 0, 28, 1, NULL),
(29, 'Фонд не может помочь всем. Как именно отбираются люди, которых вы поддерживаете?', '', '', '', '', '', NULL, '<p>Мы оказываем поддержку домам престарелых, психоневрологическим интернатам и отделениям милосердия городских больниц. Понятно, что государство вкладывает большие деньги в социальную сферу, однако незакрытые потребности все равно остаются. Чаще всего отделениям милосердия не хватает средств по уходу за лежачими больными (подгузников для взрослых, одноразовых пеленок и противопролежневых матрасов, средств для сухого мытья и ухода за кожей, перевязочных материалов и лечебного питания).</p>\n<p>Социальные учреждения нуждаются в реабилитационном оборудовании, материалах для творческих занятий, звуковом оборудовании и концертных костюмах для музыкальных занятий и праздников.</p>', '', NULL, NULL, '', '2020-09-04 13:26:53', 0, 0, 0, 29, 1, NULL),
(30, 'Фонд помогает только людям или еще и организациям?', '', '', '', '', '', NULL, '<p>Мы оказываем поддержку домам престарелых, психоневрологическим интернатам и отделениям милосердия городских больниц. Понятно, что государство вкладывает большие деньги в социальную сферу, однако незакрытые потребности все равно остаются. Чаще всего отделениям милосердия не хватает средств по уходу за лежачими больными (подгузников для взрослых, одноразовых пеленок и противопролежневых матрасов, средств для сухого мытья и ухода за кожей, перевязочных материалов и лечебного питания).</p>\n<p>Социальные учреждения нуждаются в реабилитационном оборудовании, материалах для творческих занятий, звуковом оборудовании и концертных костюмах для музыкальных занятий и праздников.</p>', '', NULL, NULL, '', '2020-09-04 13:27:31', 0, 0, 0, 30, 1, NULL),
(31, 'Получают ли работники благотворительного фонда зарплату? Если да, то из каких средств?', '', '', '', '', '', NULL, '<p>Мы оказываем поддержку домам престарелых, психоневрологическим интернатам и отделениям милосердия городских больниц. Понятно, что государство вкладывает большие деньги в социальную сферу, однако незакрытые потребности все равно остаются. Чаще всего отделениям милосердия не хватает средств по уходу за лежачими больными (подгузников для взрослых, одноразовых пеленок и противопролежневых матрасов, средств для сухого мытья и ухода за кожей, перевязочных материалов и лечебного питания).</p>\n<p>Социальные учреждения нуждаются в реабилитационном оборудовании, материалах для творческих занятий, звуковом оборудовании и концертных костюмах для музыкальных занятий и праздников.</p>', '', NULL, NULL, '', '2020-09-04 13:27:59', 0, 0, 0, 31, 1, NULL),
(32, 'Может ли благотворитель остаться анонимным, если захочет?', '', '', '', '', '', NULL, '<p>Мы оказываем поддержку домам престарелых, психоневрологическим интернатам и отделениям милосердия городских больниц. Понятно, что государство вкладывает большие деньги в социальную сферу, однако незакрытые потребности все равно остаются. Чаще всего отделениям милосердия не хватает средств по уходу за лежачими больными (подгузников для взрослых, одноразовых пеленок и противопролежневых матрасов, средств для сухого мытья и ухода за кожей, перевязочных материалов и лечебного питания).</p>\n<p>Социальные учреждения нуждаются в реабилитационном оборудовании, материалах для творческих занятий, звуковом оборудовании и концертных костюмах для музыкальных занятий и праздников.</p>', '', NULL, NULL, '', '2020-09-04 13:28:26', 0, 0, 0, 32, 1, NULL),
(33, 'Получает ли благотворитель какие-либо льготы?', '', '', '', '', '', NULL, '<p>Мы оказываем поддержку домам престарелых, психоневрологическим интернатам и отделениям милосердия городских больниц. Понятно, что государство вкладывает большие деньги в социальную сферу, однако незакрытые потребности все равно остаются. Чаще всего отделениям милосердия не хватает средств по уходу за лежачими больными (подгузников для взрослых, одноразовых пеленок и противопролежневых матрасов, средств для сухого мытья и ухода за кожей, перевязочных материалов и лечебного питания).</p>\n<p>Социальные учреждения нуждаются в реабилитационном оборудовании, материалах для творческих занятий, звуковом оборудовании и концертных костюмах для музыкальных занятий и праздников.</p>', '', NULL, NULL, '', '2020-09-04 13:28:55', 0, 0, 0, 33, 1, NULL),
(34, 'Обратная связь', '', '', '', '', '', NULL, '<h4>Заполните форму</h4>\n<p>Мы обязательно ответим и перезвоним</p>', '', NULL, NULL, '', '2020-09-05 07:33:43', 0, 0, 0, 34, 1, NULL),
(35, 'Бережём прошлое', 'Помогаем и обеспечиваем достойный уровень жизни тем, кто защищал нашу Родину от фашистских захватчиков, трудился в тылу и был предан<br>своему делу и Отечеству', '', '', '', '', NULL, 'БЕРЕЖЕМ', 'ПРОШЛОЕ', NULL, NULL, '', '2020-09-04 16:42:41', 0, 0, 0, 35, 1, NULL),
(36, 'Заботимся о настоящем', 'Помогаем ветеранам современных боевых действий<br>и семьям погибших ветеранов', '', '', '', '', NULL, 'ЗАБОТИМСЯ', 'О НАСТОЯЩЕМ', NULL, NULL, '', '2020-09-04 16:45:58', 0, 0, 0, 36, 1, NULL),
(37, 'Строим будущее', 'Создаём патриотические клубы и кружки для подрастающего поколения.<br>Занимаемся воспитанием<br>подростков', '', '', '', '', NULL, 'СТРОИМ', 'БУДУЩЕЕ', NULL, NULL, '', '2020-09-04 16:47:07', 0, 0, 0, 37, 1, NULL),
(38, 'Новости', '', '', '', '', '', NULL, '', '', NULL, NULL, '', '2020-09-16 16:18:34', 0, 0, 0, 38, 1, NULL),
(39, 'Мероприятия', '', '', '', '', '', NULL, '', 'Дата мероприятия', NULL, NULL, '', '2020-09-16 16:20:44', 0, 0, 0, 39, 1, NULL),
(40, 'События', '', '', '', '', '', NULL, '', '', NULL, NULL, '', '2020-09-16 16:21:35', 0, 0, 0, 40, 1, NULL),
(41, 'Структура фонда', '', '', '', '', '', 'Правление, попечительский совет', '', '', NULL, NULL, '', '2020-09-13 15:55:03', 0, 0, 0, 41, 1, NULL),
(42, 'Документы', '', '', '', '', '', 'Смотрите отчеты о деятельности и нормативные документы', '', '', NULL, NULL, '', '2020-09-16 15:58:24', 0, 0, 0, 42, 1, NULL),
(43, 'История фонда', '', '', '', '', '', 'История создания, съезды и конференции', '', '', NULL, NULL, '', '2020-09-13 15:55:41', 0, 0, 0, 43, 1, NULL),
(44, 'актуальные события. мероприятия и новости', '', '', '', '', '', NULL, '<h4>Календарь памятных дат и мероприятий</h4>', '', NULL, NULL, '', '2020-09-16 13:44:48', 0, 0, 0, 44, 1, NULL),
(45, 'Новости / События / Мероприятия', '', '', '', '', '', NULL, '', 'Смотреть все', NULL, NULL, '', '2020-09-16 16:24:48', 0, 0, 0, 45, 1, NULL),
(46, 'Как вступить в клуб', '', '', '', '', '', 'Заполните заявку и ждите одобрения', '', '', NULL, NULL, '', '2020-09-15 12:48:16', 0, 0, 0, 46, 1, NULL),
(47, 'Атрибутика', '', '', '', '', '', 'Для маркетинга и продвижения, сувенирная продукция', '<p class=\"line\">15 декабря в СК &laquo;Динамо&raquo; состоялся Кубок Республики Башкортостан по смешанному боевому единоборству (ММА) среди юношей и мужчин, посвященный 75-летию Победы в ВОВ 1941-1945 гг., памяти героя Советского Союза Недошивина Вениамина Георгиевича.</p>\n<p>Так же ярких и бескомпромиссных поединков спортсменам пожелали гости Кубка Башкортостан - генерал-лейтенант, начальник Управления ФСБ России по Республике Башкортостан, Председатель РОО ФСО &laquo;Динамо&raquo; РБ Серышев Юрий Валентинович, сын Героя Советского Союза, ветерана органов безопасности Вениамина Недошивина &ndash; Юрий Вениаминович, Президент Федерации СБЕ (ММА) РБ Зарипов Руслан Булатович.</p>', '', NULL, NULL, '', '2020-09-15 14:02:53', 0, 0, 0, 47, 1, NULL),
(48, 'Основные документы', '', '', '', '', '', NULL, '', '', NULL, NULL, '', '2020-09-13 06:44:40', 0, 0, 0, 48, 1, NULL),
(49, 'Отчёты о деятельности', '', '', '', '', '', NULL, '', '', NULL, NULL, '', '2020-09-13 06:46:21', 0, 0, 0, 49, 1, NULL),
(50, 'Нормативные документы благотворительных программ', '', '', '', '', '', NULL, '', '', NULL, NULL, '', '2020-09-13 06:46:39', 0, 0, 0, 50, 1, NULL),
(51, 'Общественная организация ветеранов России', '', '', '', '', '', NULL, '<p class=\"line\">Некоммерческая организация, формирующая новую благотворительную традицию по оказанию адресной высокотехнологичной медицинской помощи ветеранам всех боевых действий, в которых принимала участие наша страна.</p>', '', NULL, NULL, '', '2020-09-13 15:16:54', 0, 0, 0, 51, 1, NULL),
(52, 'Направления деятельности', '', '', '', '', '', NULL, '', '', NULL, NULL, '', '2020-09-13 07:57:11', 0, 0, 0, 52, 1, NULL),
(53, 'Слайдер', 'Смотреть историю', '', '', '', '', '2018', 'год', 'дата основания', NULL, NULL, '', '2020-09-13 16:07:56', 0, 0, 0, 53, 1, NULL),
(54, 'Ссылки', '', '', '', '', '', NULL, '', '', NULL, NULL, '', '2020-09-13 07:58:19', 0, 0, 0, 54, 1, NULL),
(55, 'Дополнительные страницы', '', '', '', '', '', NULL, '', '', NULL, NULL, '', '2020-09-13 09:12:59', 0, 0, 0, 55, 1, NULL),
(56, 'Тестовая страница', '<p><span>Программа мероприятия была продумана до мелочей. Строгое и, в то же время, яркое оформление спортивного зала было выполнено на самом высоком уровне. А концертные номера в исполнении популярных артистов &ndash; солиста-кубызиста, заслуженного работника культуры РБ, лауреата Государственной молодежной премии имени Шайхзады Бабича Миндигафура Зайнетдинова и лауреата республиканских и международных конкурсов, обладателя Гран-при международного телевизионного конкурса \"Тыуган тел\" Радмира Хасанова только украсили ее, не оставив никого равнодушным!</span></p>\n<p>В этом свою роль сыграло то, что среди соорганизаторов Кубка Башкортостана по ММА были РОО ФСО &laquo;Динамо, первым заместителем председателя которого является наш легендарный биатлонист, прозванный &laquo;Русской ракетой&raquo; &ndash; Максим Чудов и РОО Ветеранов органов государственной безопасности РБ во главе с Миннезинфиром Гаязовым.</p>\n<p>В рамках проведения Кубка РБ, пока в зале &laquo;Динамо&raquo; шли предварительные бои, организаторы и почетные гости возложили в Парке Победы цветы к Вечному огню, почтили минутой молчания память павших в Великой Отечественной войне. В соревнованиях приняли участие более 170 спортсменов из таких городов и районов республики, как города Уфа, Сибай, Белорецк, Салават, Мелеуз, Туймазы, Янаул, Нефтекамск и др.</p>\n<p>Программа мероприятия была продумана до мелочей. Строгое и, в то же время, яркое оформление спортивного зала было выполнено на самом высоком уровне. А концертные номера в исполнении популярных артистов &ndash; солиста-кубызиста, заслуженного работника культуры РБ, лауреата Государственной молодежной премии имени Шайхзады Бабича Миндигафура Зайнетдинова и лауреата республиканских и международных конкурсов, обладателя Гран-при международного телевизионного конкурса \"Тыуган тел\" Радмира Хасанова только украсили ее, не оставив никого равнодушным!</p>\n<h4>Юноши 12-13 лет:</h4>\n<ul>\n<li>1 место - БК &laquo;Спарта&raquo;, г. Салават;</li>\n<li>2 место - &laquo;Академия ММА&raquo;, г. Уфа;</li>\n<li>3 место - СК &laquo;Титан&raquo;, г. Мелеуз и БК &laquo;Ягуар&raquo;, г. Нефтекамск.</li>\n</ul>', '', '', '', '', 'Последние новости', '<h1>Радий Хабиров: &laquo;Вы занимаетесь тяжелым, но сильным видом спорта&raquo;</h1>\n<p class=\"line\">15 декабря в СК &laquo;Динамо&raquo; состоялся Кубок Республики Башкортостан по смешанному боевому единоборству (ММА) среди юношей и мужчин, посвященный 75-летию Победы в ВОВ 1941-1945 гг., памяти героя Советского Союза Недошивина Вениамина Георгиевича.</p>\n<p>На торжественном открытии Кубка Башкортостана гостей, спортсменов и организаторов соревнований приветствовал Глава Республики Башкортостан Радий Хабиров.</p>\n<blockquote>\n<p>Вы занимаетесь тяжелым, но сильным видом спорта. Желаю, чтобы все те навыки, которые вы получаете здесь под началом замечательных тренеров, вы использовали только для защиты слабых и всегда гордились тем, что вы настоящие бойцы &ndash; сильные и уверенные!</p>\n<p><span>сказал Радий Фаритович, обращаясь к участникам.</span></p>\n</blockquote>', '<p>Так же ярких и бескомпромиссных поединков спортсменам пожелали гости Кубка Башкортостан - генерал-лейтенант, начальник Управления ФСБ России по Республике Башкортостан, Председатель РОО ФСО &laquo;Динамо&raquo; РБ Серышев Юрий Валентинович, сын Героя Советского Союза, ветерана органов безопасности Вениамина Недошивина &ndash; Юрий Вениаминович, Президент Федерации СБЕ (ММА) РБ Зарипов Руслан Булатович.</p>\n<h4>Приглашенные гости</h4>\n<p>Поддержать спортсменов, посмотреть за их выступлениями пришли заместитель Премьер-министра Правительства РБ Ирек Сагитов, знаменитый боксер, депутат Государственной Думы ФС РФ Николай Валуев, министр молодежной политики и спорта РБ Руслан Хабибов, генеральный директор ГК &laquo;Дортрансстрой&raquo; Марат Латыпов, депутат Государственной Думы ФС РФ, вице-президент Паралимпийского комитета России Рима Баталова, генерал-лейтенант ФСБ России, президент Спортивного клуба ветеранов ФСБ России \"Отдушина\" Виктор Комогоров, генерал-майор ФСБ России, председатель Совета РОО &laquo;Благомир&raquo;, председатель Попечительского совета Федерации СБЕ (ММА) РБ Денис Сибаев, генерал-майор запаса ФСБ России, председатель Правления РОО &laquo;Клуб ветеранов-генералов и адмиралов РБ&raquo; Равиль Киреев, генеральный директор ЧОП &laquo;Парадигма безопасности&raquo;, подполковник ФСБ России, член Совета &laquo;РОО Ветеранов органов государственной безопасности РБ&raquo; Рауф Киреев, Герой России, председатель Правления РОО ГПВ &laquo;Я ПАТРИОТ&raquo; РБ Рафик Ихсанов, руководитель историко-демонстративного зала УФСБ России по РБ Диана Королева и др..</p>', NULL, NULL, '', '2020-09-13 10:07:31', 0, 0, 0, 56, 1, NULL),
(57, 'Тестовая мультистраница', '', '', '', '', '', NULL, '', '', NULL, NULL, '', '2020-09-13 10:54:48', 0, 0, 0, 57, 1, NULL),
(58, 'Текстовый блок', '', '', '', '', '', NULL, '<h1>Радий Хабиров: &laquo;Вы занимаетесь тяжелым, но сильным видом спорта&raquo;</h1>\n<p class=\"line\">15 декабря в СК &laquo;Динамо&raquo; состоялся Кубок Республики Башкортостан по смешанному боевому единоборству (ММА) среди юношей и мужчин, посвященный 75-летию Победы в ВОВ 1941-1945 гг., памяти героя Советского Союза Недошивина Вениамина Георгиевича.</p>\n<p>На торжественном открытии Кубка Башкортостана гостей, спортсменов и организаторов соревнований приветствовал Глава Республики Башкортостан Радий Хабиров.</p>\n<blockquote>\n<p>Вы занимаетесь тяжелым, но сильным видом спорта. Желаю, чтобы все те навыки, которые вы получаете здесь под началом замечательных тренеров, вы использовали только для защиты слабых и всегда гордились тем, что вы настоящие бойцы &ndash; сильные и уверенные!</p>\n<p><span>сказал Радий Фаритович, обращаясь к участникам.</span></p>\n</blockquote>', '<p>Так же ярких и бескомпромиссных поединков спортсменам пожелали гости Кубка Башкортостан - генерал-лейтенант, начальник Управления ФСБ России по Республике Башкортостан, Председатель РОО ФСО &laquo;Динамо&raquo; РБ Серышев Юрий Валентинович, сын Героя Советского Союза, ветерана органов безопасности Вениамина Недошивина &ndash; Юрий Вениаминович, Президент Федерации СБЕ (ММА) РБ Зарипов Руслан Булатович.</p>\n<h4>Приглашенные гости</h4>\n<p>Поддержать спортсменов, посмотреть за их выступлениями пришли заместитель Премьер-министра Правительства РБ Ирек Сагитов, знаменитый боксер, депутат Государственной Думы ФС РФ Николай Валуев, министр молодежной политики и спорта РБ Руслан Хабибов, генеральный директор ГК &laquo;Дортрансстрой&raquo; Марат Латыпов, депутат Государственной Думы ФС РФ, вице-президент Паралимпийского комитета России Рима Баталова, генерал-лейтенант ФСБ России, президент Спортивного клуба ветеранов ФСБ России \"Отдушина\" Виктор Комогоров, генерал-майор ФСБ России, председатель Совета РОО &laquo;Благомир&raquo;, председатель Попечительского совета Федерации СБЕ (ММА) РБ Денис Сибаев, генерал-майор запаса ФСБ России, председатель Правления РОО &laquo;Клуб ветеранов-генералов и адмиралов РБ&raquo; Равиль Киреев, генеральный директор ЧОП &laquo;Парадигма безопасности&raquo;, подполковник ФСБ России, член Совета &laquo;РОО Ветеранов органов государственной безопасности РБ&raquo; Рауф Киреев, Герой России, председатель Правления РОО ГПВ &laquo;Я ПАТРИОТ&raquo; РБ Рафик Ихсанов, руководитель историко-демонстративного зала УФСБ России по РБ Диана Королева и др..</p>', NULL, NULL, '', '2020-09-13 10:56:08', 0, 0, 0, 58, 1, NULL),
(59, 'New', '', '', '', '', '', NULL, '', '', NULL, NULL, '', '2020-09-13 13:26:00', 0, 0, 0, 59, 1, NULL),
(60, 'В Уфе прошел Чемпионат РБ по ММА памяти Мусы Гареева. Организовано фондом «Благомир»', '', '', '', '', '', 'Новости фонда', '<p class=\"line\">Господа, постоянное информационно-пропагандистское обеспечение нашей деятельности не даёт нам иного выбора, кроме определения глубокомысленных рассуждений. Таким образом, курс на социально-ориентированный национальный проект представляет собой интересный эксперимент проверки поэтапного и последовательного развития общества. Постоянное информационно-пропагандистское обеспечение нашей деятельности, в своём классическом представлении, допускает внедрение существующих финансовых и административных условий. Лишь многие известные личности объявлены нарушающими общечеловеческие нормы этики и морали.</p>\n<p>Есть над чем задуматься: представители современных социальных резервов освещают чрезвычайно интересные особенности картины в целом, однако конкретные выводы, разумеется, разоблачены. Не следует, однако, забывать, что разбавленное изрядной долей эмпатии, рациональное мышление требует определения и уточнения вывода текущих активов.</p>\n<p>Внезапно, ключевые особенности структуры проекта освещают чрезвычайно интересные особенности картины в целом, однако конкретные выводы, разумеется, ассоциативно распределены по отраслям. А также акционеры крупнейших компаний, превозмогая сложившуюся непростую экономическую ситуацию, рассмотрены исключительно в разрезе маркетинговых и финансовых предпосылок. Каждый из нас понимает очевидную вещь: новая модель организационной деятельности является качественно новой ступенью переосмысления внешнеэкономических политик. Противоположная точка зрения подразумевает, что активно развивающиеся страны третьего мира, вне зависимости от их уровня, должны быть призваны к ответу!</p>', '', NULL, NULL, '', '2020-09-13 13:44:04', 0, 0, 0, 60, 1, NULL),
(61, 'В Симферополе открылась выставка «Герои России, какими их не видел никто».', '', '', '', '', '', NULL, '<p>Банальные, но неопровержимые выводы, а также акционеры крупнейших компаний обнародованы. Задача организации, в особенности же перспективное планирование способствует подготовке и реализации модели развития. Идейные соображения высшего порядка, а также внедрение современных методик не даёт нам иного выбора, кроме определения инновационных методов управления процессами. Каждый из нас понимает очевидную вещь: социально-экономическое развитие требует от нас анализа инновационных методов управления процессами. Принимая во внимание показатели успешности, постоянный количественный рост и сфера нашей активности предоставляет широкие возможности для направлений прогрессивного развития. Как уже неоднократно упомянуто, стремящиеся вытеснить традиционное производство, нанотехнологии подвергнуты целой серии независимых исследований.</p>\n<p>Для современного мира постоянное информационно-пропагандистское обеспечение нашей деятельности напрямую зависит от приоритизации разума над эмоциями. Но реплицированные с зарубежных источников, современные исследования могут быть смешаны с не уникальными данными до степени совершенной неузнаваемости, из-за чего возрастает их статус бесполезности. Приятно, граждане, наблюдать, как некоторые особенности внутренней политики освещают чрезвычайно интересные особенности картины в целом, однако конкретные выводы, разумеется, призваны к ответу. Как принято считать, активно развивающиеся страны третьего мира являются только методом политического участия и в равной степени предоставлены сами себе. Повседневная практика показывает, что разбавленное изрядной долей эмпатии, рациональное мышление способствует повышению качества вывода текущих активов. Банальные, но неопровержимые выводы, а также акционеры крупнейших компаний неоднозначны и будут подвергнуты целой серии независимых исследований.</p>\n<p>Банальные, но неопровержимые выводы, а также действия представителей оппозиции объективно рассмотрены соответствующими инстанциями. Равным образом, сплочённость команды профессионалов создаёт необходимость включения в производственный план целого ряда внеочередных мероприятий с учётом комплекса существующих финансовых и административных условий. Идейные соображения высшего порядка, а также синтетическое тестирование, а также свежий взгляд на привычные вещи - безусловно открывает новые горизонты для как самодостаточных, так и внешне зависимых концептуальных решений. Как принято считать, некоторые особенности внутренней политики будут объявлены нарушающими общечеловеческие нормы этики и морали. Разнообразный и богатый опыт говорит нам, что дальнейшее развитие различных форм деятельности предопределяет высокую востребованность дальнейших направлений развития.</p>', '', NULL, NULL, '', '2020-09-13 13:47:56', 0, 0, 0, 61, 1, NULL),
(62, 'В Симферополе открылась выставка «Герои России, какими их не видел никто».', '', '', '', '', '', NULL, '<p>Банальные, но неопровержимые выводы, а также акционеры крупнейших компаний обнародованы. Задача организации, в особенности же перспективное планирование способствует подготовке и реализации модели развития. Идейные соображения высшего порядка, а также внедрение современных методик не даёт нам иного выбора, кроме определения инновационных методов управления процессами. Каждый из нас понимает очевидную вещь: социально-экономическое развитие требует от нас анализа инновационных методов управления процессами. Принимая во внимание показатели успешности, постоянный количественный рост и сфера нашей активности предоставляет широкие возможности для направлений прогрессивного развития. Как уже неоднократно упомянуто, стремящиеся вытеснить традиционное производство, нанотехнологии подвергнуты целой серии независимых исследований.</p>\n<p>Для современного мира постоянное информационно-пропагандистское обеспечение нашей деятельности напрямую зависит от приоритизации разума над эмоциями. Но реплицированные с зарубежных источников, современные исследования могут быть смешаны с не уникальными данными до степени совершенной неузнаваемости, из-за чего возрастает их статус бесполезности. Приятно, граждане, наблюдать, как некоторые особенности внутренней политики освещают чрезвычайно интересные особенности картины в целом, однако конкретные выводы, разумеется, призваны к ответу. Как принято считать, активно развивающиеся страны третьего мира являются только методом политического участия и в равной степени предоставлены сами себе. Повседневная практика показывает, что разбавленное изрядной долей эмпатии, рациональное мышление способствует повышению качества вывода текущих активов. Банальные, но неопровержимые выводы, а также акционеры крупнейших компаний неоднозначны и будут подвергнуты целой серии независимых исследований.</p>\n<p>Банальные, но неопровержимые выводы, а также действия представителей оппозиции объективно рассмотрены соответствующими инстанциями. Равным образом, сплочённость команды профессионалов создаёт необходимость включения в производственный план целого ряда внеочередных мероприятий с учётом комплекса существующих финансовых и административных условий. Идейные соображения высшего порядка, а также синтетическое тестирование, а также свежий взгляд на привычные вещи - безусловно открывает новые горизонты для как самодостаточных, так и внешне зависимых концептуальных решений. Как принято считать, некоторые особенности внутренней политики будут объявлены нарушающими общечеловеческие нормы этики и морали. Разнообразный и богатый опыт говорит нам, что дальнейшее развитие различных форм деятельности предопределяет высокую востребованность дальнейших направлений развития.</p>', '', NULL, NULL, '', '2020-09-13 13:47:56', 0, 0, 0, 62, 1, NULL),
(63, 'В Симферополе открылась выставка «Герои России, какими их не видел никто».', '', '', '', '', '', NULL, '<p>Банальные, но неопровержимые выводы, а также акционеры крупнейших компаний обнародованы. Задача организации, в особенности же перспективное планирование способствует подготовке и реализации модели развития. Идейные соображения высшего порядка, а также внедрение современных методик не даёт нам иного выбора, кроме определения инновационных методов управления процессами. Каждый из нас понимает очевидную вещь: социально-экономическое развитие требует от нас анализа инновационных методов управления процессами. Принимая во внимание показатели успешности, постоянный количественный рост и сфера нашей активности предоставляет широкие возможности для направлений прогрессивного развития. Как уже неоднократно упомянуто, стремящиеся вытеснить традиционное производство, нанотехнологии подвергнуты целой серии независимых исследований.</p>\n<p>Для современного мира постоянное информационно-пропагандистское обеспечение нашей деятельности напрямую зависит от приоритизации разума над эмоциями. Но реплицированные с зарубежных источников, современные исследования могут быть смешаны с не уникальными данными до степени совершенной неузнаваемости, из-за чего возрастает их статус бесполезности. Приятно, граждане, наблюдать, как некоторые особенности внутренней политики освещают чрезвычайно интересные особенности картины в целом, однако конкретные выводы, разумеется, призваны к ответу. Как принято считать, активно развивающиеся страны третьего мира являются только методом политического участия и в равной степени предоставлены сами себе. Повседневная практика показывает, что разбавленное изрядной долей эмпатии, рациональное мышление способствует повышению качества вывода текущих активов. Банальные, но неопровержимые выводы, а также акционеры крупнейших компаний неоднозначны и будут подвергнуты целой серии независимых исследований.</p>\n<p>Банальные, но неопровержимые выводы, а также действия представителей оппозиции объективно рассмотрены соответствующими инстанциями. Равным образом, сплочённость команды профессионалов создаёт необходимость включения в производственный план целого ряда внеочередных мероприятий с учётом комплекса существующих финансовых и административных условий. Идейные соображения высшего порядка, а также синтетическое тестирование, а также свежий взгляд на привычные вещи - безусловно открывает новые горизонты для как самодостаточных, так и внешне зависимых концептуальных решений. Как принято считать, некоторые особенности внутренней политики будут объявлены нарушающими общечеловеческие нормы этики и морали. Разнообразный и богатый опыт говорит нам, что дальнейшее развитие различных форм деятельности предопределяет высокую востребованность дальнейших направлений развития.</p>', '', NULL, NULL, '', '2020-09-13 13:47:56', 0, 0, 0, 63, 1, NULL),
(64, 'В Симферополе открылась выставка «Герои России, какими их не видел никто».', '', '', '', '', '', NULL, '<p>Банальные, но неопровержимые выводы, а также акционеры крупнейших компаний обнародованы. Задача организации, в особенности же перспективное планирование способствует подготовке и реализации модели развития. Идейные соображения высшего порядка, а также внедрение современных методик не даёт нам иного выбора, кроме определения инновационных методов управления процессами. Каждый из нас понимает очевидную вещь: социально-экономическое развитие требует от нас анализа инновационных методов управления процессами. Принимая во внимание показатели успешности, постоянный количественный рост и сфера нашей активности предоставляет широкие возможности для направлений прогрессивного развития. Как уже неоднократно упомянуто, стремящиеся вытеснить традиционное производство, нанотехнологии подвергнуты целой серии независимых исследований.</p>\n<p>Для современного мира постоянное информационно-пропагандистское обеспечение нашей деятельности напрямую зависит от приоритизации разума над эмоциями. Но реплицированные с зарубежных источников, современные исследования могут быть смешаны с не уникальными данными до степени совершенной неузнаваемости, из-за чего возрастает их статус бесполезности. Приятно, граждане, наблюдать, как некоторые особенности внутренней политики освещают чрезвычайно интересные особенности картины в целом, однако конкретные выводы, разумеется, призваны к ответу. Как принято считать, активно развивающиеся страны третьего мира являются только методом политического участия и в равной степени предоставлены сами себе. Повседневная практика показывает, что разбавленное изрядной долей эмпатии, рациональное мышление способствует повышению качества вывода текущих активов. Банальные, но неопровержимые выводы, а также акционеры крупнейших компаний неоднозначны и будут подвергнуты целой серии независимых исследований.</p>\n<p>Банальные, но неопровержимые выводы, а также действия представителей оппозиции объективно рассмотрены соответствующими инстанциями. Равным образом, сплочённость команды профессионалов создаёт необходимость включения в производственный план целого ряда внеочередных мероприятий с учётом комплекса существующих финансовых и административных условий. Идейные соображения высшего порядка, а также синтетическое тестирование, а также свежий взгляд на привычные вещи - безусловно открывает новые горизонты для как самодостаточных, так и внешне зависимых концептуальных решений. Как принято считать, некоторые особенности внутренней политики будут объявлены нарушающими общечеловеческие нормы этики и морали. Разнообразный и богатый опыт говорит нам, что дальнейшее развитие различных форм деятельности предопределяет высокую востребованность дальнейших направлений развития.</p>', '', NULL, NULL, '', '2020-09-13 13:47:56', 0, 0, 0, 64, 1, NULL),
(65, 'В Симферополе открылась выставка «Герои России, какими их не видел никто».', '', '', '', '', '', NULL, '<p>Банальные, но неопровержимые выводы, а также акционеры крупнейших компаний обнародованы. Задача организации, в особенности же перспективное планирование способствует подготовке и реализации модели развития. Идейные соображения высшего порядка, а также внедрение современных методик не даёт нам иного выбора, кроме определения инновационных методов управления процессами. Каждый из нас понимает очевидную вещь: социально-экономическое развитие требует от нас анализа инновационных методов управления процессами. Принимая во внимание показатели успешности, постоянный количественный рост и сфера нашей активности предоставляет широкие возможности для направлений прогрессивного развития. Как уже неоднократно упомянуто, стремящиеся вытеснить традиционное производство, нанотехнологии подвергнуты целой серии независимых исследований.</p>\n<p>Для современного мира постоянное информационно-пропагандистское обеспечение нашей деятельности напрямую зависит от приоритизации разума над эмоциями. Но реплицированные с зарубежных источников, современные исследования могут быть смешаны с не уникальными данными до степени совершенной неузнаваемости, из-за чего возрастает их статус бесполезности. Приятно, граждане, наблюдать, как некоторые особенности внутренней политики освещают чрезвычайно интересные особенности картины в целом, однако конкретные выводы, разумеется, призваны к ответу. Как принято считать, активно развивающиеся страны третьего мира являются только методом политического участия и в равной степени предоставлены сами себе. Повседневная практика показывает, что разбавленное изрядной долей эмпатии, рациональное мышление способствует повышению качества вывода текущих активов. Банальные, но неопровержимые выводы, а также акционеры крупнейших компаний неоднозначны и будут подвергнуты целой серии независимых исследований.</p>\n<p>Банальные, но неопровержимые выводы, а также действия представителей оппозиции объективно рассмотрены соответствующими инстанциями. Равным образом, сплочённость команды профессионалов создаёт необходимость включения в производственный план целого ряда внеочередных мероприятий с учётом комплекса существующих финансовых и административных условий. Идейные соображения высшего порядка, а также синтетическое тестирование, а также свежий взгляд на привычные вещи - безусловно открывает новые горизонты для как самодостаточных, так и внешне зависимых концептуальных решений. Как принято считать, некоторые особенности внутренней политики будут объявлены нарушающими общечеловеческие нормы этики и морали. Разнообразный и богатый опыт говорит нам, что дальнейшее развитие различных форм деятельности предопределяет высокую востребованность дальнейших направлений развития.</p>', '', NULL, NULL, '', '2020-09-13 13:47:56', 0, 0, 0, 65, 1, NULL),
(66, 'В Симферополе открылась выставка «Герои России, какими их не видел никто».', '', '', '', '', '', NULL, '<p>Банальные, но неопровержимые выводы, а также акционеры крупнейших компаний обнародованы. Задача организации, в особенности же перспективное планирование способствует подготовке и реализации модели развития. Идейные соображения высшего порядка, а также внедрение современных методик не даёт нам иного выбора, кроме определения инновационных методов управления процессами. Каждый из нас понимает очевидную вещь: социально-экономическое развитие требует от нас анализа инновационных методов управления процессами. Принимая во внимание показатели успешности, постоянный количественный рост и сфера нашей активности предоставляет широкие возможности для направлений прогрессивного развития. Как уже неоднократно упомянуто, стремящиеся вытеснить традиционное производство, нанотехнологии подвергнуты целой серии независимых исследований.</p>\n<p>Для современного мира постоянное информационно-пропагандистское обеспечение нашей деятельности напрямую зависит от приоритизации разума над эмоциями. Но реплицированные с зарубежных источников, современные исследования могут быть смешаны с не уникальными данными до степени совершенной неузнаваемости, из-за чего возрастает их статус бесполезности. Приятно, граждане, наблюдать, как некоторые особенности внутренней политики освещают чрезвычайно интересные особенности картины в целом, однако конкретные выводы, разумеется, призваны к ответу. Как принято считать, активно развивающиеся страны третьего мира являются только методом политического участия и в равной степени предоставлены сами себе. Повседневная практика показывает, что разбавленное изрядной долей эмпатии, рациональное мышление способствует повышению качества вывода текущих активов. Банальные, но неопровержимые выводы, а также акционеры крупнейших компаний неоднозначны и будут подвергнуты целой серии независимых исследований.</p>\n<p>Банальные, но неопровержимые выводы, а также действия представителей оппозиции объективно рассмотрены соответствующими инстанциями. Равным образом, сплочённость команды профессионалов создаёт необходимость включения в производственный план целого ряда внеочередных мероприятий с учётом комплекса существующих финансовых и административных условий. Идейные соображения высшего порядка, а также синтетическое тестирование, а также свежий взгляд на привычные вещи - безусловно открывает новые горизонты для как самодостаточных, так и внешне зависимых концептуальных решений. Как принято считать, некоторые особенности внутренней политики будут объявлены нарушающими общечеловеческие нормы этики и морали. Разнообразный и богатый опыт говорит нам, что дальнейшее развитие различных форм деятельности предопределяет высокую востребованность дальнейших направлений развития.</p>', '', NULL, NULL, '', '2020-09-13 13:47:56', 0, 0, 0, 66, 1, NULL),
(67, 'Ежегодня акция «Свеча памяти»', '', '', '', '', '', 'Место проведения: онлайн', '<p>Задача организации, в особенности же экономическая повестка сегодняшнего дня представляет собой интересный эксперимент проверки поэтапного и последовательного развития общества! Равным образом, внедрение современных методик однозначно определяет каждого участника как способного принимать собственные решения касаемо как самодостаточных, так и внешне зависимых концептуальных решений. Начало повседневной работы по формированию позиции обеспечивает актуальность кластеризации усилий.</p>\n<p>Принимая во внимание показатели успешности, постоянный количественный рост и сфера нашей активности создаёт предпосылки для анализа существующих паттернов поведения. Предварительные выводы неутешительны: базовый вектор развития создаёт необходимость включения в производственный план целого ряда внеочередных мероприятий с учётом комплекса как самодостаточных, так и внешне зависимых концептуальных решений. Принимая во внимание показатели успешности, понимание сути ресурсосберегающих технологий обеспечивает актуальность экономической целесообразности принимаемых решений! Каждый из нас понимает очевидную вещь: перспективное планирование играет определяющее значение для направлений прогрессивного развития.</p>', '', NULL, NULL, '', '2020-09-13 14:53:35', 0, 0, 0, 67, 1, NULL),
(68, 'Ежегодня акция «Свеча памяти»', '', '', '', '', '', 'Место проведения: онлайн', '<p>Задача организации, в особенности же экономическая повестка сегодняшнего дня представляет собой интересный эксперимент проверки поэтапного и последовательного развития общества! Равным образом, внедрение современных методик однозначно определяет каждого участника как способного принимать собственные решения касаемо как самодостаточных, так и внешне зависимых концептуальных решений. Начало повседневной работы по формированию позиции обеспечивает актуальность кластеризации усилий.</p>\n<p>Принимая во внимание показатели успешности, постоянный количественный рост и сфера нашей активности создаёт предпосылки для анализа существующих паттернов поведения. Предварительные выводы неутешительны: базовый вектор развития создаёт необходимость включения в производственный план целого ряда внеочередных мероприятий с учётом комплекса как самодостаточных, так и внешне зависимых концептуальных решений. Принимая во внимание показатели успешности, понимание сути ресурсосберегающих технологий обеспечивает актуальность экономической целесообразности принимаемых решений! Каждый из нас понимает очевидную вещь: перспективное планирование играет определяющее значение для направлений прогрессивного развития.</p>', '', NULL, NULL, '', '2020-09-13 14:53:35', 0, 0, 0, 68, 1, NULL),
(69, 'Ежегодня акция «Свеча памяти»', '', '', '', '', '', 'Место проведения: онлайн', '<p>Задача организации, в особенности же экономическая повестка сегодняшнего дня представляет собой интересный эксперимент проверки поэтапного и последовательного развития общества! Равным образом, внедрение современных методик однозначно определяет каждого участника как способного принимать собственные решения касаемо как самодостаточных, так и внешне зависимых концептуальных решений. Начало повседневной работы по формированию позиции обеспечивает актуальность кластеризации усилий.</p>\n<p>Принимая во внимание показатели успешности, постоянный количественный рост и сфера нашей активности создаёт предпосылки для анализа существующих паттернов поведения. Предварительные выводы неутешительны: базовый вектор развития создаёт необходимость включения в производственный план целого ряда внеочередных мероприятий с учётом комплекса как самодостаточных, так и внешне зависимых концептуальных решений. Принимая во внимание показатели успешности, понимание сути ресурсосберегающих технологий обеспечивает актуальность экономической целесообразности принимаемых решений! Каждый из нас понимает очевидную вещь: перспективное планирование играет определяющее значение для направлений прогрессивного развития.</p>', '', NULL, NULL, '', '2020-09-13 14:53:35', 0, 0, 0, 69, 1, NULL),
(70, 'Ежегодня акция «Свеча памяти»', '', '', '', '', '', 'Место проведения: онлайн', '<p>Задача организации, в особенности же экономическая повестка сегодняшнего дня представляет собой интересный эксперимент проверки поэтапного и последовательного развития общества! Равным образом, внедрение современных методик однозначно определяет каждого участника как способного принимать собственные решения касаемо как самодостаточных, так и внешне зависимых концептуальных решений. Начало повседневной работы по формированию позиции обеспечивает актуальность кластеризации усилий.</p>\n<p>Принимая во внимание показатели успешности, постоянный количественный рост и сфера нашей активности создаёт предпосылки для анализа существующих паттернов поведения. Предварительные выводы неутешительны: базовый вектор развития создаёт необходимость включения в производственный план целого ряда внеочередных мероприятий с учётом комплекса как самодостаточных, так и внешне зависимых концептуальных решений. Принимая во внимание показатели успешности, понимание сути ресурсосберегающих технологий обеспечивает актуальность экономической целесообразности принимаемых решений! Каждый из нас понимает очевидную вещь: перспективное планирование играет определяющее значение для направлений прогрессивного развития.</p>', '', NULL, NULL, '', '2020-09-13 14:53:35', 0, 0, 0, 70, 1, NULL),
(71, 'Ежегодня акция «Свеча памяти»', '', '', '', '', '', 'Место проведения: онлайн', '<p>Задача организации, в особенности же экономическая повестка сегодняшнего дня представляет собой интересный эксперимент проверки поэтапного и последовательного развития общества! Равным образом, внедрение современных методик однозначно определяет каждого участника как способного принимать собственные решения касаемо как самодостаточных, так и внешне зависимых концептуальных решений. Начало повседневной работы по формированию позиции обеспечивает актуальность кластеризации усилий.</p>\n<p>Принимая во внимание показатели успешности, постоянный количественный рост и сфера нашей активности создаёт предпосылки для анализа существующих паттернов поведения. Предварительные выводы неутешительны: базовый вектор развития создаёт необходимость включения в производственный план целого ряда внеочередных мероприятий с учётом комплекса как самодостаточных, так и внешне зависимых концептуальных решений. Принимая во внимание показатели успешности, понимание сути ресурсосберегающих технологий обеспечивает актуальность экономической целесообразности принимаемых решений! Каждый из нас понимает очевидную вещь: перспективное планирование играет определяющее значение для направлений прогрессивного развития.</p>', '', NULL, NULL, '', '2020-09-13 14:53:35', 0, 0, 0, 71, 1, NULL),
(72, 'Ежегодня акция «Свеча памяти»', '', '', '', '', '', 'Место проведения: онлайн', '<p>Задача организации, в особенности же экономическая повестка сегодняшнего дня представляет собой интересный эксперимент проверки поэтапного и последовательного развития общества! Равным образом, внедрение современных методик однозначно определяет каждого участника как способного принимать собственные решения касаемо как самодостаточных, так и внешне зависимых концептуальных решений. Начало повседневной работы по формированию позиции обеспечивает актуальность кластеризации усилий.</p>\n<p>Принимая во внимание показатели успешности, постоянный количественный рост и сфера нашей активности создаёт предпосылки для анализа существующих паттернов поведения. Предварительные выводы неутешительны: базовый вектор развития создаёт необходимость включения в производственный план целого ряда внеочередных мероприятий с учётом комплекса как самодостаточных, так и внешне зависимых концептуальных решений. Принимая во внимание показатели успешности, понимание сути ресурсосберегающих технологий обеспечивает актуальность экономической целесообразности принимаемых решений! Каждый из нас понимает очевидную вещь: перспективное планирование играет определяющее значение для направлений прогрессивного развития.</p>', '', NULL, NULL, '', '2020-09-13 14:53:35', 0, 0, 0, 72, 1, NULL);
INSERT INTO `pcontent` (`id`, `title`, `banner`, `direct_title`, `doptitle`, `keywords`, `description`, `preinfo`, `info`, `dopinfo`, `position`, `rank`, `adr`, `last_mod`, `x`, `y`, `ontop`, `id_pages`, `id_allblocks`, `id_pcinherit`) VALUES
(73, 'Ежегодня акция «Свеча памяти»', '', '', '', '', '', 'Место проведения: онлайн', '<p>Задача организации, в особенности же экономическая повестка сегодняшнего дня представляет собой интересный эксперимент проверки поэтапного и последовательного развития общества! Равным образом, внедрение современных методик однозначно определяет каждого участника как способного принимать собственные решения касаемо как самодостаточных, так и внешне зависимых концептуальных решений. Начало повседневной работы по формированию позиции обеспечивает актуальность кластеризации усилий.</p>\n<p>Принимая во внимание показатели успешности, постоянный количественный рост и сфера нашей активности создаёт предпосылки для анализа существующих паттернов поведения. Предварительные выводы неутешительны: базовый вектор развития создаёт необходимость включения в производственный план целого ряда внеочередных мероприятий с учётом комплекса как самодостаточных, так и внешне зависимых концептуальных решений. Принимая во внимание показатели успешности, понимание сути ресурсосберегающих технологий обеспечивает актуальность экономической целесообразности принимаемых решений! Каждый из нас понимает очевидную вещь: перспективное планирование играет определяющее значение для направлений прогрессивного развития.</p>', '', NULL, NULL, '', '2020-09-13 14:53:35', 0, 0, 0, 73, 1, NULL),
(74, 'На конференцию в Крым приехали 48 делегатов из 47 регионов.', '', '', '', '', '', NULL, '<p>Задача организации, в особенности же экономическая повестка сегодняшнего дня представляет собой интересный эксперимент проверки поэтапного и последовательного развития общества! Равным образом, внедрение современных методик однозначно определяет каждого участника как способного принимать собственные решения касаемо как самодостаточных, так и внешне зависимых концептуальных решений. Начало повседневной работы по формированию позиции обеспечивает актуальность кластеризации усилий.</p>\n<p>Принимая во внимание показатели успешности, постоянный количественный рост и сфера нашей активности создаёт предпосылки для анализа существующих паттернов поведения. Предварительные выводы неутешительны: базовый вектор развития создаёт необходимость включения в производственный план целого ряда внеочередных мероприятий с учётом комплекса как самодостаточных, так и внешне зависимых концептуальных решений. Принимая во внимание показатели успешности, понимание сути ресурсосберегающих технологий обеспечивает актуальность экономической целесообразности принимаемых решений! Каждый из нас понимает очевидную вещь: перспективное планирование играет определяющее значение для направлений прогрессивного развития.</p>', '', NULL, NULL, '', '2020-09-13 15:08:32', 0, 0, 0, 74, 1, NULL),
(75, 'С сегодняшнего дня у нас новаяцель – оказать помощь 20 000 ветеранам', '', '', '', '', '', NULL, '<p>Задача организации, в особенности же экономическая повестка сегодняшнего дня представляет собой интересный эксперимент проверки поэтапного и последовательного развития общества! Равным образом, внедрение современных методик однозначно определяет каждого участника как способного принимать собственные решения касаемо как самодостаточных, так и внешне зависимых концептуальных решений. Начало повседневной работы по формированию позиции обеспечивает актуальность кластеризации усилий.</p>\n<p>Принимая во внимание показатели успешности, постоянный количественный рост и сфера нашей активности создаёт предпосылки для анализа существующих паттернов поведения. Предварительные выводы неутешительны: базовый вектор развития создаёт необходимость включения в производственный план целого ряда внеочередных мероприятий с учётом комплекса как самодостаточных, так и внешне зависимых концептуальных решений. Принимая во внимание показатели успешности, понимание сути ресурсосберегающих технологий обеспечивает актуальность экономической целесообразности принимаемых решений! Каждый из нас понимает очевидную вещь: перспективное планирование играет определяющее значение для направлений прогрессивного развития.</p>', '', NULL, NULL, '', '2020-09-13 15:09:35', 0, 0, 0, 75, 1, NULL),
(76, 'На конференцию в Крым приехали 48 делегатов из 47 регионов.', '', '', '', '', '', NULL, '<p>Задача организации, в особенности же экономическая повестка сегодняшнего дня представляет собой интересный эксперимент проверки поэтапного и последовательного развития общества! Равным образом, внедрение современных методик однозначно определяет каждого участника как способного принимать собственные решения касаемо как самодостаточных, так и внешне зависимых концептуальных решений. Начало повседневной работы по формированию позиции обеспечивает актуальность кластеризации усилий.</p>\n<p>Принимая во внимание показатели успешности, постоянный количественный рост и сфера нашей активности создаёт предпосылки для анализа существующих паттернов поведения. Предварительные выводы неутешительны: базовый вектор развития создаёт необходимость включения в производственный план целого ряда внеочередных мероприятий с учётом комплекса как самодостаточных, так и внешне зависимых концептуальных решений. Принимая во внимание показатели успешности, понимание сути ресурсосберегающих технологий обеспечивает актуальность экономической целесообразности принимаемых решений! Каждый из нас понимает очевидную вещь: перспективное планирование играет определяющее значение для направлений прогрессивного развития.</p>', '', NULL, NULL, '', '2020-09-13 15:10:27', 0, 0, 0, 76, 1, NULL),
(77, 'На конференцию в Крым приехали 48 делегатов из 47 регионов.', '', '', '', '', '', NULL, '<p>Задача организации, в особенности же экономическая повестка сегодняшнего дня представляет собой интересный эксперимент проверки поэтапного и последовательного развития общества! Равным образом, внедрение современных методик однозначно определяет каждого участника как способного принимать собственные решения касаемо как самодостаточных, так и внешне зависимых концептуальных решений. Начало повседневной работы по формированию позиции обеспечивает актуальность кластеризации усилий.</p>\n<p>Принимая во внимание показатели успешности, постоянный количественный рост и сфера нашей активности создаёт предпосылки для анализа существующих паттернов поведения. Предварительные выводы неутешительны: базовый вектор развития создаёт необходимость включения в производственный план целого ряда внеочередных мероприятий с учётом комплекса как самодостаточных, так и внешне зависимых концептуальных решений. Принимая во внимание показатели успешности, понимание сути ресурсосберегающих технологий обеспечивает актуальность экономической целесообразности принимаемых решений! Каждый из нас понимает очевидную вещь: перспективное планирование играет определяющее значение для направлений прогрессивного развития.</p>', '', NULL, NULL, '', '2020-09-13 15:10:27', 0, 0, 0, 77, 1, NULL),
(78, 'На конференцию в Крым приехали 48 делегатов из 47 регионов.', '', '', '', '', '', NULL, '<p>Задача организации, в особенности же экономическая повестка сегодняшнего дня представляет собой интересный эксперимент проверки поэтапного и последовательного развития общества! Равным образом, внедрение современных методик однозначно определяет каждого участника как способного принимать собственные решения касаемо как самодостаточных, так и внешне зависимых концептуальных решений. Начало повседневной работы по формированию позиции обеспечивает актуальность кластеризации усилий.</p>\n<p>Принимая во внимание показатели успешности, постоянный количественный рост и сфера нашей активности создаёт предпосылки для анализа существующих паттернов поведения. Предварительные выводы неутешительны: базовый вектор развития создаёт необходимость включения в производственный план целого ряда внеочередных мероприятий с учётом комплекса как самодостаточных, так и внешне зависимых концептуальных решений. Принимая во внимание показатели успешности, понимание сути ресурсосберегающих технологий обеспечивает актуальность экономической целесообразности принимаемых решений! Каждый из нас понимает очевидную вещь: перспективное планирование играет определяющее значение для направлений прогрессивного развития.</p>', '', NULL, NULL, '', '2020-09-13 15:10:27', 0, 0, 0, 78, 1, NULL),
(79, 'На конференцию в Крым приехали 48 делегатов из 47 регионов.', '', '', '', '', '', NULL, '<p>Задача организации, в особенности же экономическая повестка сегодняшнего дня представляет собой интересный эксперимент проверки поэтапного и последовательного развития общества! Равным образом, внедрение современных методик однозначно определяет каждого участника как способного принимать собственные решения касаемо как самодостаточных, так и внешне зависимых концептуальных решений. Начало повседневной работы по формированию позиции обеспечивает актуальность кластеризации усилий.</p>\n<p>Принимая во внимание показатели успешности, постоянный количественный рост и сфера нашей активности создаёт предпосылки для анализа существующих паттернов поведения. Предварительные выводы неутешительны: базовый вектор развития создаёт необходимость включения в производственный план целого ряда внеочередных мероприятий с учётом комплекса как самодостаточных, так и внешне зависимых концептуальных решений. Принимая во внимание показатели успешности, понимание сути ресурсосберегающих технологий обеспечивает актуальность экономической целесообразности принимаемых решений! Каждый из нас понимает очевидную вещь: перспективное планирование играет определяющее значение для направлений прогрессивного развития.</p>', '', NULL, NULL, '', '2020-09-13 15:10:27', 0, 0, 0, 79, 1, NULL),
(80, 'На конференцию в Крым приехали 48 делегатов из 47 регионов.', '', '', '', '', '', NULL, '<p>Задача организации, в особенности же экономическая повестка сегодняшнего дня представляет собой интересный эксперимент проверки поэтапного и последовательного развития общества! Равным образом, внедрение современных методик однозначно определяет каждого участника как способного принимать собственные решения касаемо как самодостаточных, так и внешне зависимых концептуальных решений. Начало повседневной работы по формированию позиции обеспечивает актуальность кластеризации усилий.</p>\n<p>Принимая во внимание показатели успешности, постоянный количественный рост и сфера нашей активности создаёт предпосылки для анализа существующих паттернов поведения. Предварительные выводы неутешительны: базовый вектор развития создаёт необходимость включения в производственный план целого ряда внеочередных мероприятий с учётом комплекса как самодостаточных, так и внешне зависимых концептуальных решений. Принимая во внимание показатели успешности, понимание сути ресурсосберегающих технологий обеспечивает актуальность экономической целесообразности принимаемых решений! Каждый из нас понимает очевидную вещь: перспективное планирование играет определяющее значение для направлений прогрессивного развития.</p>', '', NULL, NULL, '', '2020-09-13 15:10:27', 0, 0, 0, 80, 1, NULL),
(81, 'На конференцию в Крым приехали 48 делегатов из 47 регионов.', '', '', '', '', '', NULL, '<p>Задача организации, в особенности же экономическая повестка сегодняшнего дня представляет собой интересный эксперимент проверки поэтапного и последовательного развития общества! Равным образом, внедрение современных методик однозначно определяет каждого участника как способного принимать собственные решения касаемо как самодостаточных, так и внешне зависимых концептуальных решений. Начало повседневной работы по формированию позиции обеспечивает актуальность кластеризации усилий.</p>\n<p>Принимая во внимание показатели успешности, постоянный количественный рост и сфера нашей активности создаёт предпосылки для анализа существующих паттернов поведения. Предварительные выводы неутешительны: базовый вектор развития создаёт необходимость включения в производственный план целого ряда внеочередных мероприятий с учётом комплекса как самодостаточных, так и внешне зависимых концептуальных решений. Принимая во внимание показатели успешности, понимание сути ресурсосберегающих технологий обеспечивает актуальность экономической целесообразности принимаемых решений! Каждый из нас понимает очевидную вещь: перспективное планирование играет определяющее значение для направлений прогрессивного развития.</p>', '', NULL, NULL, '', '2020-09-13 15:10:27', 0, 0, 0, 81, 1, NULL),
(82, 'На конференцию в Крым приехали 48 делегатов из 47 регионов.', '', '', '', '', '', NULL, '<p>Задача организации, в особенности же экономическая повестка сегодняшнего дня представляет собой интересный эксперимент проверки поэтапного и последовательного развития общества! Равным образом, внедрение современных методик однозначно определяет каждого участника как способного принимать собственные решения касаемо как самодостаточных, так и внешне зависимых концептуальных решений. Начало повседневной работы по формированию позиции обеспечивает актуальность кластеризации усилий.</p>\n<p>Принимая во внимание показатели успешности, постоянный количественный рост и сфера нашей активности создаёт предпосылки для анализа существующих паттернов поведения. Предварительные выводы неутешительны: базовый вектор развития создаёт необходимость включения в производственный план целого ряда внеочередных мероприятий с учётом комплекса как самодостаточных, так и внешне зависимых концептуальных решений. Принимая во внимание показатели успешности, понимание сути ресурсосберегающих технологий обеспечивает актуальность экономической целесообразности принимаемых решений! Каждый из нас понимает очевидную вещь: перспективное планирование играет определяющее значение для направлений прогрессивного развития.</p>', '', NULL, NULL, '', '2020-09-13 15:10:27', 0, 0, 0, 82, 1, NULL),
(83, 'На конференцию в Крым приехали 48 делегатов из 47 регионов.', '', '', '', '', '', NULL, '<p>Задача организации, в особенности же экономическая повестка сегодняшнего дня представляет собой интересный эксперимент проверки поэтапного и последовательного развития общества! Равным образом, внедрение современных методик однозначно определяет каждого участника как способного принимать собственные решения касаемо как самодостаточных, так и внешне зависимых концептуальных решений. Начало повседневной работы по формированию позиции обеспечивает актуальность кластеризации усилий.</p>\n<p>Принимая во внимание показатели успешности, постоянный количественный рост и сфера нашей активности создаёт предпосылки для анализа существующих паттернов поведения. Предварительные выводы неутешительны: базовый вектор развития создаёт необходимость включения в производственный план целого ряда внеочередных мероприятий с учётом комплекса как самодостаточных, так и внешне зависимых концептуальных решений. Принимая во внимание показатели успешности, понимание сути ресурсосберегающих технологий обеспечивает актуальность экономической целесообразности принимаемых решений! Каждый из нас понимает очевидную вещь: перспективное планирование играет определяющее значение для направлений прогрессивного развития.</p>', '', NULL, NULL, '', '2020-09-13 15:10:27', 0, 0, 0, 83, 1, NULL),
(84, 'На конференцию в Крым приехали 48 делегатов из 47 регионов.', '', '', '', '', '', NULL, '<p>Задача организации, в особенности же экономическая повестка сегодняшнего дня представляет собой интересный эксперимент проверки поэтапного и последовательного развития общества! Равным образом, внедрение современных методик однозначно определяет каждого участника как способного принимать собственные решения касаемо как самодостаточных, так и внешне зависимых концептуальных решений. Начало повседневной работы по формированию позиции обеспечивает актуальность кластеризации усилий.</p>\n<p>Принимая во внимание показатели успешности, постоянный количественный рост и сфера нашей активности создаёт предпосылки для анализа существующих паттернов поведения. Предварительные выводы неутешительны: базовый вектор развития создаёт необходимость включения в производственный план целого ряда внеочередных мероприятий с учётом комплекса как самодостаточных, так и внешне зависимых концептуальных решений. Принимая во внимание показатели успешности, понимание сути ресурсосберегающих технологий обеспечивает актуальность экономической целесообразности принимаемых решений! Каждый из нас понимает очевидную вещь: перспективное планирование играет определяющее значение для направлений прогрессивного развития.</p>', '', NULL, NULL, '', '2020-09-13 15:10:27', 0, 0, 0, 84, 1, NULL),
(85, '250', '', '', '', '', '', NULL, 'компаний', 'участвующих в жизни фонда', NULL, NULL, '', '2020-09-13 15:24:09', 0, 0, 0, 85, 1, NULL),
(86, '350', '', '', '', '', '', NULL, 'компаний', 'участвующих в жизни фонда', NULL, NULL, '', '2020-09-13 15:24:38', 0, 0, 0, 86, 1, NULL),
(87, '450', '', '', '', '', '', NULL, 'компаний', 'участвующих в жизни фонда', NULL, NULL, '', '2020-09-13 15:24:59', 0, 0, 0, 87, 1, NULL),
(88, 'Социально-культурные, спортивные, благотворительные мероприятия', '', '', '', '', '', NULL, '<p>консультанты: Донская Елена Николаевна, Коваленко Андрей Николаевич,<br />Полторацкий Дмитрий Константинович, Зарипов Руслан Булатович</p>', '', NULL, NULL, '', '2020-09-13 15:47:51', 0, 0, 0, 88, 1, NULL),
(89, 'Юридическая помощь, юридическое сопровождение', '', '', '', '', '', NULL, '<p>консультанты: Ртищев Владимир Николаевич, Белостоцкая Елена Владимировна, Костюкова Валентина Васильевна</p>', '', NULL, NULL, '', '2020-09-13 15:48:21', 0, 0, 0, 89, 1, NULL),
(90, 'Взаимодействие с государственными, общественными органами и профильными ветеранскими организациями', '', '', '', '', '', NULL, '<p>консультанты: Резяпов Ильдар Венерович, Ратушная Виктория Станиславовна</p>', '', NULL, NULL, '', '2020-09-13 15:48:52', 0, 0, 0, 90, 1, NULL),
(91, 'Бизнес проекты для реализации уставных целей', '', '', '', '', '', NULL, '<p>консультанты: Копытин Владимир Иванович, Великодный Александр Александрович, Альжанов Мухамет Косаевич, Гарифуллин Ильдус Салаватович</p>', '', NULL, NULL, '', '2020-09-13 15:49:24', 0, 0, 0, 91, 1, NULL),
(92, 'Наша цель', '', '', '', '', '', NULL, 'Заботиться о ветеранах боевых действий: оказывать необходимую медицинскую помощь и психологическую поддержку, улучшать их качество жизни', '', NULL, NULL, '', '2020-09-13 16:08:41', 0, 0, 0, 92, 1, NULL),
(93, 'Наша миссия', '', '', '', '', '', NULL, 'Реализовывать социальные проекты, вызывающие чувство гордости за прошлое и настоящее нашей страны.', '', NULL, NULL, '', '2020-09-13 16:09:09', 0, 0, 0, 93, 1, NULL),
(94, 'Структура фонда', '', '', '', '', '', NULL, '<p class=\"line\">Общественная организация ветеранов России &laquo;Благомир&raquo; имеет 79 структурных подразделений в 76 регионах Российской Федерации, в том числе в Республике Крым и городе Севастополе.</p>\n<p>На очень высокий уровень поставлена мемориальная работа. Например, Ярославская региональная организация РСВА совместно с правительством Ярославской области и военным комиссариатом в 2010 году приняла участие в создании регионального реестра и электронного банка данных воинских захоронений и военно-мемориальных объектов региона. Подобная практика не имеет аналогов в целом по стране.</p>', '<h4>Возглавляют ветераны</h4>\n<p>Продолжая традиции военно-патриотического воспитания молодежи, ветераны Афганской войны постоянно встречаются со школьниками и учащейся молодежью, рассказывают о героическом подвиге солдат и офицеров, которые честно и добросовестной служили своему Отечеству, активно участвуют в работе поисковых отрядов. С этой целью ветеранские организации совместно с местными органами самоуправления создают и развивают сеть военно-спортивных и патриотических клубов, что способствует подготовке молодежи к службе в рядах Вооруженных сил, воспитанию патриотов и достойных защитников Родины.</p>', NULL, NULL, '', '2020-09-14 05:24:05', 0, 0, 0, 94, 1, NULL),
(95, 'Структура фонда в лицах', '', '', '', '', '', NULL, '', '', NULL, NULL, '', '2020-09-14 05:31:14', 0, 0, 0, 95, 1, NULL),
(96, 'Люди', '', '', '', '', '', NULL, '', '', NULL, NULL, '', '2020-09-14 05:32:27', 0, 0, 0, 96, 1, NULL),
(97, 'Бортников', '', '', '', '', '', 'Валерий Петрович', '<p>Таким образом, укрепление и развитие внутренней структуры предопределяет высокую востребованность модели развития. В своём стремлении повысить качество жизни, они забывают, что понимание сути ресурсосберегающих технологий играет важную роль в формировании инновационных методов управления процессами. Постоянное информационно-пропагандистское обеспечение нашей деятельности в значительной степени обусловливает важность своевременного выполнения сверхзадачи.</p>', '', 'исполнительный директор', 'генерал-майор\nпочетный сотрудник контрразведки', '', '2020-09-14 11:23:47', 0, 0, 0, 97, 1, NULL),
(98, 'Правление', '', '', '', '', '', NULL, '', '', NULL, NULL, '', '2020-09-14 06:00:09', 0, 0, 0, 98, 1, NULL),
(99, 'Попечительский совет', '', '', '', '', '', NULL, '', '', NULL, NULL, '', '2020-09-14 06:01:29', 0, 0, 0, 99, 1, NULL),
(100, 'Аллея героев', '', '', '', '', '', NULL, '', '', NULL, NULL, '', '2020-09-14 06:01:54', 0, 0, 0, 100, 1, NULL),
(101, 'Деятельные лица клуба', '', '', '', '', '', NULL, '', '', NULL, NULL, '', '2020-09-14 06:02:38', 0, 0, 0, 101, 1, NULL),
(102, 'Структурные подразделения', '', '', '', '', '', 'нашей организации', 'Комитет ветеранов спецслужб', '(КВС)', NULL, NULL, '', '2020-09-14 14:06:32', 0, 0, 0, 102, 1, NULL),
(103, 'Совет', '', '', '', '', '', '(правление)', '7', 'человек', NULL, NULL, '', '2020-09-14 14:13:09', 0, 0, 0, 103, 1, NULL),
(104, 'Общественная организация', '', '', '', '', '', 'Региональная общественная организация правовой и социальной поддержки ветеранов <span>«БЛАГОМИР»</span>', '34', 'подразделения', NULL, NULL, '', '2020-09-14 14:14:01', 0, 0, 0, 104, 1, NULL),
(105, 'Попечительский совет', '', '', '', '', '', 'Попечительский совет', '11', 'человек', NULL, NULL, '', '2020-09-14 14:14:28', 0, 0, 0, 105, 1, NULL),
(106, 'Региональные<br>представительства', '', '', '', '', '', NULL, '', '', NULL, NULL, '', '2020-09-14 15:33:15', 0, 0, 0, 106, 1, NULL),
(107, 'Благомир-Сибирь', '<p>ул.Маршала Рыбалко, 2, корпус 6 помещение 912</p>', '', '', '', '', 'г. Красноярск', '<p>Но сложившаяся структура организации требует анализа вывода текущих активов. Каждый из нас понимает очевидную вещь: убеждённость некоторых оппонентов является качественно новой ступенью существующих финансовых и административных условий. Как уже неоднократно упомянуто, активно развивающиеся страны третьего мира освещают чрезвычайно интересные особенности картины в целом, однако конкретные выводы, разумеется, рассмотрены исключительно в разрезе маркетинговых и финансовых предпосылок. Приятно, граждане, наблюдать, как элементы политического процесса, превозмогая сложившуюся непростую экономическую ситуацию, функционально разнесены на независимые элементы.</p>\n<p>Повседневная практика показывает, что консультация с широким активом однозначно фиксирует необходимость поставленных обществом задач. В своём стремлении улучшить пользовательский опыт мы упускаем, что стремящиеся вытеснить традиционное производство, нанотехнологии своевременно верифицированы. А ещё независимые государства указаны как претенденты на роль ключевых факторов. Высокий уровень вовлечения представителей целевой аудитории является четким доказательством простого факта: повышение уровня гражданского сознания, а также свежий взгляд на привычные вещи - безусловно открывает новые горизонты для инновационных методов управления процессами. Господа, новая модель организационной деятельности говорит о возможностях кластеризации усилий. Ясность нашей позиции очевидна: высокотехнологичная концепция общественного уклада выявляет срочную потребность анализа существующих паттернов поведения.</p>', '', '+7 347 234-56-78', 'info@blagomir.moscow', 'Региональное представительство\nв городе Красноярске', '2020-09-16 13:41:20', 0, 0, 0, 107, 1, NULL),
(108, 'Благомир-Урал', '<p>Большое отделение на Урале возглавляет Алексей Викторович</p>', '', '', '', '', 'г. Екатеринбург', '<p>Но сложившаяся структура организации требует анализа вывода текущих активов. Каждый из нас понимает очевидную вещь: убеждённость некоторых оппонентов является качественно новой ступенью существующих финансовых и административных условий. Как уже неоднократно упомянуто, активно развивающиеся страны третьего мира освещают чрезвычайно интересные особенности картины в целом, однако конкретные выводы, разумеется, рассмотрены исключительно в разрезе маркетинговых и финансовых предпосылок. Приятно, граждане, наблюдать, как элементы политического процесса, превозмогая сложившуюся непростую экономическую ситуацию, функционально разнесены на независимые элементы.</p>\n<p>Повседневная практика показывает, что консультация с широким активом однозначно фиксирует необходимость поставленных обществом задач. В своём стремлении улучшить пользовательский опыт мы упускаем, что стремящиеся вытеснить традиционное производство, нанотехнологии своевременно верифицированы. А ещё независимые государства указаны как претенденты на роль ключевых факторов. Высокий уровень вовлечения представителей целевой аудитории является четким доказательством простого факта: повышение уровня гражданского сознания, а также свежий взгляд на привычные вещи - безусловно открывает новые горизонты для инновационных методов управления процессами. Господа, новая модель организационной деятельности говорит о возможностях кластеризации усилий. Ясность нашей позиции очевидна: высокотехнологичная концепция общественного уклада выявляет срочную потребность анализа существующих паттернов поведения.</p>', '', '+7 347 234-56-78', 'info@blagomir.moscow', 'Региональное представительство\nв городе Екатеринбурге', '2020-09-16 12:49:32', 0, 0, 0, 108, 1, NULL),
(109, 'Благомир-Башкортостан', '<p>В самом центре Уфы. расположилось отделение фонда</p>', '', '', '', '', 'г. Уфа', '<p>Но сложившаяся структура организации требует анализа вывода текущих активов. Каждый из нас понимает очевидную вещь: убеждённость некоторых оппонентов является качественно новой ступенью существующих финансовых и административных условий. Как уже неоднократно упомянуто, активно развивающиеся страны третьего мира освещают чрезвычайно интересные особенности картины в целом, однако конкретные выводы, разумеется, рассмотрены исключительно в разрезе маркетинговых и финансовых предпосылок. Приятно, граждане, наблюдать, как элементы политического процесса, превозмогая сложившуюся непростую экономическую ситуацию, функционально разнесены на независимые элементы.</p>\n<p>Повседневная практика показывает, что консультация с широким активом однозначно фиксирует необходимость поставленных обществом задач. В своём стремлении улучшить пользовательский опыт мы упускаем, что стремящиеся вытеснить традиционное производство, нанотехнологии своевременно верифицированы. А ещё независимые государства указаны как претенденты на роль ключевых факторов. Высокий уровень вовлечения представителей целевой аудитории является четким доказательством простого факта: повышение уровня гражданского сознания, а также свежий взгляд на привычные вещи - безусловно открывает новые горизонты для инновационных методов управления процессами. Господа, новая модель организационной деятельности говорит о возможностях кластеризации усилий. Ясность нашей позиции очевидна: высокотехнологичная концепция общественного уклада выявляет срочную потребность анализа существующих паттернов поведения.</p>', '', '+7 347 234-56-78', 'info@blagomir.moscow', 'Региональное представительство\nв городе Уфе', '2020-09-16 12:50:18', 0, 0, 0, 109, 1, NULL),
(110, 'Благомир-Крым', '<p>ул.Маршала Рыбалко, 2, корпус 6 помещение 912</p>', '', '', '', '', 'г. Симферополь', '<p>Но сложившаяся структура организации требует анализа вывода текущих активов. Каждый из нас понимает очевидную вещь: убеждённость некоторых оппонентов является качественно новой ступенью существующих финансовых и административных условий. Как уже неоднократно упомянуто, активно развивающиеся страны третьего мира освещают чрезвычайно интересные особенности картины в целом, однако конкретные выводы, разумеется, рассмотрены исключительно в разрезе маркетинговых и финансовых предпосылок. Приятно, граждане, наблюдать, как элементы политического процесса, превозмогая сложившуюся непростую экономическую ситуацию, функционально разнесены на независимые элементы.</p>\n<p>Повседневная практика показывает, что консультация с широким активом однозначно фиксирует необходимость поставленных обществом задач. В своём стремлении улучшить пользовательский опыт мы упускаем, что стремящиеся вытеснить традиционное производство, нанотехнологии своевременно верифицированы. А ещё независимые государства указаны как претенденты на роль ключевых факторов. Высокий уровень вовлечения представителей целевой аудитории является четким доказательством простого факта: повышение уровня гражданского сознания, а также свежий взгляд на привычные вещи - безусловно открывает новые горизонты для инновационных методов управления процессами. Господа, новая модель организационной деятельности говорит о возможностях кластеризации усилий. Ясность нашей позиции очевидна: высокотехнологичная концепция общественного уклада выявляет срочную потребность анализа существующих паттернов поведения.</p>', '', '+7 347 234-56-78', 'info@blagomir.moscow', 'Региональное представительство\nв городе Симферополе', '2020-09-16 12:49:57', 0, 0, 0, 110, 1, NULL),
(111, 'Благомир-Татарстан', '<p>ул.Маршала Рыбалко, 2, корпус 6 помещение 912</p>', '', '', '', '', 'г. Казань', '<p>Но сложившаяся структура организации требует анализа вывода текущих активов. Каждый из нас понимает очевидную вещь: убеждённость некоторых оппонентов является качественно новой ступенью существующих финансовых и административных условий. Как уже неоднократно упомянуто, активно развивающиеся страны третьего мира освещают чрезвычайно интересные особенности картины в целом, однако конкретные выводы, разумеется, рассмотрены исключительно в разрезе маркетинговых и финансовых предпосылок. Приятно, граждане, наблюдать, как элементы политического процесса, превозмогая сложившуюся непростую экономическую ситуацию, функционально разнесены на независимые элементы.</p>\n<p>Повседневная практика показывает, что консультация с широким активом однозначно фиксирует необходимость поставленных обществом задач. В своём стремлении улучшить пользовательский опыт мы упускаем, что стремящиеся вытеснить традиционное производство, нанотехнологии своевременно верифицированы. А ещё независимые государства указаны как претенденты на роль ключевых факторов. Высокий уровень вовлечения представителей целевой аудитории является четким доказательством простого факта: повышение уровня гражданского сознания, а также свежий взгляд на привычные вещи - безусловно открывает новые горизонты для инновационных методов управления процессами. Господа, новая модель организационной деятельности говорит о возможностях кластеризации усилий. Ясность нашей позиции очевидна: высокотехнологичная концепция общественного уклада выявляет срочную потребность анализа существующих паттернов поведения.</p>', '', '+7 347 234-56-78', 'info@blagomir.moscow', 'Региональное представительство\nв городе Казани', '2020-09-16 12:50:06', 0, 0, 0, 111, 1, NULL),
(112, 'Партнеры, которые<br>поддерживают фонд', '', '', '', '', '', NULL, 'и всегда готовы придти на помощь ветеранам', '', NULL, NULL, '', '2020-09-14 16:39:56', 0, 0, 0, 112, 1, NULL),
(113, 'История создания<br>фонда', '', '', '', '', '', NULL, '<p class=\"line\"><span class=\"fz-24\">27 марта 1992 г.</span> в Москве прошло учредительное собрание, на котором было принято решение о создании общероссийской организации &laquo;Российский общественный благотворительный фонд ветеранов (пенсионеров) войны, труда и Вооруженных Сил&raquo;</p>\n<h5 class=\"cl-brown\">Важные даты и события фонда<br />на кривой времени</h5>', '', NULL, NULL, '', '2020-09-15 05:03:58', 0, 0, 0, 113, 1, NULL),
(114, '1998', '', '', '', '', '', '12 ноября', '<p>В Москве прошла очередная конференция Российского фонда ветеранов</p>', '', NULL, NULL, '', '2020-09-15 05:32:50', 0, 0, 0, 114, 1, NULL),
(115, 'График истории', '', '', '', '', '', NULL, '', '', NULL, NULL, '', '2020-09-15 05:33:56', 0, 0, 0, 115, 1, NULL),
(116, '2007', '', '', '', '', '', NULL, '<p>В Москве прошла очередная конференция Российского фонда ветеранов</p>', '', NULL, NULL, '', '2020-09-15 05:36:33', 0, 0, 0, 116, 1, NULL),
(117, '2015', '', '', '', '', '', NULL, '<p>В Москве прошла очередная конференция Российского фонда ветеранов</p>', '', NULL, NULL, '', '2020-09-15 05:36:47', 0, 0, 0, 117, 1, NULL),
(118, '2002', '', '', '', '', '', NULL, '<p>В Москве прошла очередная конференция Российского фонда ветеранов</p>', '', NULL, NULL, '', '2020-09-15 05:55:08', 0, 0, 0, 118, 1, NULL),
(119, '2010', '', '', '', '', '', NULL, '<p>В Москве прошла очередная конференция Российского фонда ветеранов</p>', '', NULL, NULL, '', '2020-09-15 05:55:22', 0, 0, 0, 119, 1, NULL),
(120, '2020', '', '', '', '', '', NULL, '<p>В Москве прошла очередная конференция Российского фонда ветеранов</p>', '', NULL, NULL, '', '2020-09-15 05:56:21', 0, 0, 0, 120, 1, NULL),
(121, 'Съезды и конференции', '', '', '', '', '', NULL, '', '', NULL, NULL, '', '2020-09-15 06:00:43', 0, 0, 0, 121, 1, NULL),
(122, 'В Москве прошла VII отчётно-выборная конференция Российского общественного благотворительного фонда ветеранов (пенсионеров)', '', '', '', '', '', NULL, '<p>Но сложившаяся структура организации требует анализа вывода текущих активов. Каждый из нас понимает очевидную вещь: убеждённость некоторых оппонентов является качественно новой ступенью существующих финансовых и административных условий. Как уже неоднократно упомянуто, активно развивающиеся страны третьего мира освещают чрезвычайно интересные особенности картины в целом, однако конкретные выводы, разумеется, рассмотрены исключительно в разрезе маркетинговых и финансовых предпосылок. Приятно, граждане, наблюдать, как элементы политического процесса, превозмогая сложившуюся непростую экономическую ситуацию, функционально разнесены на независимые элементы.</p>\n<p>Повседневная практика показывает, что консультация с широким активом однозначно фиксирует необходимость поставленных обществом задач. В своём стремлении улучшить пользовательский опыт мы упускаем, что стремящиеся вытеснить традиционное производство, нанотехнологии своевременно верифицированы. А ещё независимые государства указаны как претенденты на роль ключевых факторов. Высокий уровень вовлечения представителей целевой аудитории является четким доказательством простого факта: повышение уровня гражданского сознания, а также свежий взгляд на привычные вещи - безусловно открывает новые горизонты для инновационных методов управления процессами. Господа, новая модель организационной деятельности говорит о возможностях кластеризации усилий. Ясность нашей позиции очевидна: высокотехнологичная концепция общественного уклада выявляет срочную потребность анализа существующих паттернов поведения.</p>', '', NULL, NULL, '', '2020-09-15 06:07:00', 0, 0, 0, 122, 1, NULL),
(123, 'На конференцию в Крым приехали 48 делегатов из 47 регионов.', '', '', '', '', '', NULL, '<p>Но сложившаяся структура организации требует анализа вывода текущих активов. Каждый из нас понимает очевидную вещь: убеждённость некоторых оппонентов является качественно новой ступенью существующих финансовых и административных условий. Как уже неоднократно упомянуто, активно развивающиеся страны третьего мира освещают чрезвычайно интересные особенности картины в целом, однако конкретные выводы, разумеется, рассмотрены исключительно в разрезе маркетинговых и финансовых предпосылок. Приятно, граждане, наблюдать, как элементы политического процесса, превозмогая сложившуюся непростую экономическую ситуацию, функционально разнесены на независимые элементы.</p>\n<p>Повседневная практика показывает, что консультация с широким активом однозначно фиксирует необходимость поставленных обществом задач. В своём стремлении улучшить пользовательский опыт мы упускаем, что стремящиеся вытеснить традиционное производство, нанотехнологии своевременно верифицированы. А ещё независимые государства указаны как претенденты на роль ключевых факторов. Высокий уровень вовлечения представителей целевой аудитории является четким доказательством простого факта: повышение уровня гражданского сознания, а также свежий взгляд на привычные вещи - безусловно открывает новые горизонты для инновационных методов управления процессами. Господа, новая модель организационной деятельности говорит о возможностях кластеризации усилий. Ясность нашей позиции очевидна: высокотехнологичная концепция общественного уклада выявляет срочную потребность анализа существующих паттернов поведения.</p>', '', NULL, NULL, '', '2020-09-15 06:09:32', 0, 0, 0, 123, 1, NULL),
(124, 'На конференцию в Крым приехали 48 делегатов из 47 регионов.', '', '', '', '', '', NULL, '<p>Но сложившаяся структура организации требует анализа вывода текущих активов. Каждый из нас понимает очевидную вещь: убеждённость некоторых оппонентов является качественно новой ступенью существующих финансовых и административных условий. Как уже неоднократно упомянуто, активно развивающиеся страны третьего мира освещают чрезвычайно интересные особенности картины в целом, однако конкретные выводы, разумеется, рассмотрены исключительно в разрезе маркетинговых и финансовых предпосылок. Приятно, граждане, наблюдать, как элементы политического процесса, превозмогая сложившуюся непростую экономическую ситуацию, функционально разнесены на независимые элементы.</p>\n<p>Повседневная практика показывает, что консультация с широким активом однозначно фиксирует необходимость поставленных обществом задач. В своём стремлении улучшить пользовательский опыт мы упускаем, что стремящиеся вытеснить традиционное производство, нанотехнологии своевременно верифицированы. А ещё независимые государства указаны как претенденты на роль ключевых факторов. Высокий уровень вовлечения представителей целевой аудитории является четким доказательством простого факта: повышение уровня гражданского сознания, а также свежий взгляд на привычные вещи - безусловно открывает новые горизонты для инновационных методов управления процессами. Господа, новая модель организационной деятельности говорит о возможностях кластеризации усилий. Ясность нашей позиции очевидна: высокотехнологичная концепция общественного уклада выявляет срочную потребность анализа существующих паттернов поведения.</p>', '', NULL, NULL, '', '2020-09-15 06:09:32', 0, 0, 0, 124, 1, NULL),
(125, 'На конференцию в Крым приехали 48 делегатов из 47 регионов.', '', '', '', '', '', NULL, '<p>Но сложившаяся структура организации требует анализа вывода текущих активов. Каждый из нас понимает очевидную вещь: убеждённость некоторых оппонентов является качественно новой ступенью существующих финансовых и административных условий. Как уже неоднократно упомянуто, активно развивающиеся страны третьего мира освещают чрезвычайно интересные особенности картины в целом, однако конкретные выводы, разумеется, рассмотрены исключительно в разрезе маркетинговых и финансовых предпосылок. Приятно, граждане, наблюдать, как элементы политического процесса, превозмогая сложившуюся непростую экономическую ситуацию, функционально разнесены на независимые элементы.</p>\n<p>Повседневная практика показывает, что консультация с широким активом однозначно фиксирует необходимость поставленных обществом задач. В своём стремлении улучшить пользовательский опыт мы упускаем, что стремящиеся вытеснить традиционное производство, нанотехнологии своевременно верифицированы. А ещё независимые государства указаны как претенденты на роль ключевых факторов. Высокий уровень вовлечения представителей целевой аудитории является четким доказательством простого факта: повышение уровня гражданского сознания, а также свежий взгляд на привычные вещи - безусловно открывает новые горизонты для инновационных методов управления процессами. Господа, новая модель организационной деятельности говорит о возможностях кластеризации усилий. Ясность нашей позиции очевидна: высокотехнологичная концепция общественного уклада выявляет срочную потребность анализа существующих паттернов поведения.</p>', '', NULL, NULL, '', '2020-09-15 06:09:32', 0, 0, 0, 125, 1, NULL),
(126, 'На конференцию в Крым приехали 48 делегатов из 47 регионов.', '', '', '', '', '', NULL, '<p>Но сложившаяся структура организации требует анализа вывода текущих активов. Каждый из нас понимает очевидную вещь: убеждённость некоторых оппонентов является качественно новой ступенью существующих финансовых и административных условий. Как уже неоднократно упомянуто, активно развивающиеся страны третьего мира освещают чрезвычайно интересные особенности картины в целом, однако конкретные выводы, разумеется, рассмотрены исключительно в разрезе маркетинговых и финансовых предпосылок. Приятно, граждане, наблюдать, как элементы политического процесса, превозмогая сложившуюся непростую экономическую ситуацию, функционально разнесены на независимые элементы.</p>\n<p>Повседневная практика показывает, что консультация с широким активом однозначно фиксирует необходимость поставленных обществом задач. В своём стремлении улучшить пользовательский опыт мы упускаем, что стремящиеся вытеснить традиционное производство, нанотехнологии своевременно верифицированы. А ещё независимые государства указаны как претенденты на роль ключевых факторов. Высокий уровень вовлечения представителей целевой аудитории является четким доказательством простого факта: повышение уровня гражданского сознания, а также свежий взгляд на привычные вещи - безусловно открывает новые горизонты для инновационных методов управления процессами. Господа, новая модель организационной деятельности говорит о возможностях кластеризации усилий. Ясность нашей позиции очевидна: высокотехнологичная концепция общественного уклада выявляет срочную потребность анализа существующих паттернов поведения.</p>', '', NULL, NULL, '', '2020-09-15 06:09:32', 0, 0, 0, 126, 1, NULL),
(127, 'На конференцию в Крым приехали 48 делегатов из 47 регионов.', '', '', '', '', '', NULL, '<p>Но сложившаяся структура организации требует анализа вывода текущих активов. Каждый из нас понимает очевидную вещь: убеждённость некоторых оппонентов является качественно новой ступенью существующих финансовых и административных условий. Как уже неоднократно упомянуто, активно развивающиеся страны третьего мира освещают чрезвычайно интересные особенности картины в целом, однако конкретные выводы, разумеется, рассмотрены исключительно в разрезе маркетинговых и финансовых предпосылок. Приятно, граждане, наблюдать, как элементы политического процесса, превозмогая сложившуюся непростую экономическую ситуацию, функционально разнесены на независимые элементы.</p>\n<p>Повседневная практика показывает, что консультация с широким активом однозначно фиксирует необходимость поставленных обществом задач. В своём стремлении улучшить пользовательский опыт мы упускаем, что стремящиеся вытеснить традиционное производство, нанотехнологии своевременно верифицированы. А ещё независимые государства указаны как претенденты на роль ключевых факторов. Высокий уровень вовлечения представителей целевой аудитории является четким доказательством простого факта: повышение уровня гражданского сознания, а также свежий взгляд на привычные вещи - безусловно открывает новые горизонты для инновационных методов управления процессами. Господа, новая модель организационной деятельности говорит о возможностях кластеризации усилий. Ясность нашей позиции очевидна: высокотехнологичная концепция общественного уклада выявляет срочную потребность анализа существующих паттернов поведения.</p>', '', NULL, NULL, '', '2020-09-15 06:09:32', 0, 0, 0, 127, 1, NULL),
(128, 'На конференцию в Крым приехали 48 делегатов из 47 регионов.', '', '', '', '', '', NULL, '<p>Но сложившаяся структура организации требует анализа вывода текущих активов. Каждый из нас понимает очевидную вещь: убеждённость некоторых оппонентов является качественно новой ступенью существующих финансовых и административных условий. Как уже неоднократно упомянуто, активно развивающиеся страны третьего мира освещают чрезвычайно интересные особенности картины в целом, однако конкретные выводы, разумеется, рассмотрены исключительно в разрезе маркетинговых и финансовых предпосылок. Приятно, граждане, наблюдать, как элементы политического процесса, превозмогая сложившуюся непростую экономическую ситуацию, функционально разнесены на независимые элементы.</p>\n<p>Повседневная практика показывает, что консультация с широким активом однозначно фиксирует необходимость поставленных обществом задач. В своём стремлении улучшить пользовательский опыт мы упускаем, что стремящиеся вытеснить традиционное производство, нанотехнологии своевременно верифицированы. А ещё независимые государства указаны как претенденты на роль ключевых факторов. Высокий уровень вовлечения представителей целевой аудитории является четким доказательством простого факта: повышение уровня гражданского сознания, а также свежий взгляд на привычные вещи - безусловно открывает новые горизонты для инновационных методов управления процессами. Господа, новая модель организационной деятельности говорит о возможностях кластеризации усилий. Ясность нашей позиции очевидна: высокотехнологичная концепция общественного уклада выявляет срочную потребность анализа существующих паттернов поведения.</p>', '', NULL, NULL, '', '2020-09-15 06:09:32', 0, 0, 0, 128, 1, NULL),
(129, 'На конференцию в Крым приехали 48 делегатов из 47 регионов.', '', '', '', '', '', NULL, '<p>Но сложившаяся структура организации требует анализа вывода текущих активов. Каждый из нас понимает очевидную вещь: убеждённость некоторых оппонентов является качественно новой ступенью существующих финансовых и административных условий. Как уже неоднократно упомянуто, активно развивающиеся страны третьего мира освещают чрезвычайно интересные особенности картины в целом, однако конкретные выводы, разумеется, рассмотрены исключительно в разрезе маркетинговых и финансовых предпосылок. Приятно, граждане, наблюдать, как элементы политического процесса, превозмогая сложившуюся непростую экономическую ситуацию, функционально разнесены на независимые элементы.</p>\n<p>Повседневная практика показывает, что консультация с широким активом однозначно фиксирует необходимость поставленных обществом задач. В своём стремлении улучшить пользовательский опыт мы упускаем, что стремящиеся вытеснить традиционное производство, нанотехнологии своевременно верифицированы. А ещё независимые государства указаны как претенденты на роль ключевых факторов. Высокий уровень вовлечения представителей целевой аудитории является четким доказательством простого факта: повышение уровня гражданского сознания, а также свежий взгляд на привычные вещи - безусловно открывает новые горизонты для инновационных методов управления процессами. Господа, новая модель организационной деятельности говорит о возможностях кластеризации усилий. Ясность нашей позиции очевидна: высокотехнологичная концепция общественного уклада выявляет срочную потребность анализа существующих паттернов поведения.</p>', '', NULL, NULL, '', '2020-09-15 06:09:32', 0, 0, 0, 129, 1, NULL),
(130, 'Клуб предпринимателей', '', '', '', '', '', NULL, '<p class=\"line\">За время существования организации нами сделано многое. Помимо основной деятельности, мы активно содействуем организации и проведению спортивных мероприятий, целью которых является воспитание нашей молодежи в здоровом, патриотическом духе. Мы должны быть уверены в их силе, моральной стойкости, готовности защищать честь нашей страны в будущем.</p>\n<h4>Деятельность клуба</h4>\n<p>Благотворительные мероприятия проводятся за счёт средств Фонда с помощью партнёров и спонсоров.</p>\n<p>Тысячи ветеранов и пенсионеров ежегодно получают от фонда бескорыстную помощь. В благотворительной деятельности предпочтение отдаётся адресной разовой помощи ветеранам, попавшим в трудную жизненную ситуацию.</p>\n<p>Фонд, совместно с учреждениями культуры и творческими союзами ежегодно проводит более 600 благотворительных культурно-массовых мероприятий в ведущих театрах Москвы, включая Большой театр и Московский художественный академический театр имени М. Горького.</p>', '', NULL, NULL, '', '2020-09-15 11:38:45', 0, 0, 0, 130, 1, NULL),
(131, 'Цели клуба', '', '', '', '', '', NULL, '', '', NULL, NULL, '', '2020-09-15 11:49:41', 0, 0, 0, 131, 1, NULL),
(132, 'Цель клуба предпринимателей', '', '', '', '', '', NULL, 'Цель клуба предпринимателей', 'Заботиться о ветеранах боевых действий: оказывать необходимую<br>медицинскую помощь и психологическую поддержку,<br>улучшать их качество жизни', NULL, NULL, '', '2020-09-15 11:55:25', 0, 0, 0, 132, 1, NULL),
(133, 'Цель клуба предпринимателей', '', '', '', '', '', NULL, 'Цель клуба предпринимателей', 'Реализовывать социальные проекты, вызывающие чувство гордости за прошлое и настоящее нашей страны.', NULL, NULL, '', '2020-09-15 11:55:43', 0, 0, 0, 133, 1, NULL),
(134, 'Состав клуба', '', '', '', '', '', NULL, '<p class=\"text\">Мы часть большого доброго дела</p>', '', NULL, NULL, '', '2020-09-15 12:01:59', 0, 0, 0, 134, 1, NULL);
INSERT INTO `pcontent` (`id`, `title`, `banner`, `direct_title`, `doptitle`, `keywords`, `description`, `preinfo`, `info`, `dopinfo`, `position`, `rank`, `adr`, `last_mod`, `x`, `y`, `ontop`, `id_pages`, `id_allblocks`, `id_pcinherit`) VALUES
(135, 'РК «Люкс» - постоянный член клуба г. Москва', '', '', '', '', '', NULL, '<h1>РК Люкс</h1>\n<p>Но сложившаяся структура организации требует анализа вывода текущих активов. Каждый из нас понимает очевидную вещь: убеждённость некоторых оппонентов является качественно новой ступенью существующих финансовых и административных условий. Как уже неоднократно упомянуто, активно развивающиеся страны третьего мира освещают чрезвычайно интересные особенности картины в целом, однако конкретные выводы, разумеется, рассмотрены исключительно в разрезе маркетинговых и финансовых предпосылок. Приятно, граждане, наблюдать, как элементы политического процесса, превозмогая сложившуюся непростую экономическую ситуацию, функционально разнесены на независимые элементы.</p>', '', NULL, NULL, '', '2020-09-15 12:08:56', 0, 0, 0, 135, 1, NULL),
(136, 'Булат - постоянный член клуба г. Москва', '', '', '', '', '', NULL, '<h1>Булат</h1>\n<p>Но сложившаяся структура организации требует анализа вывода текущих активов. Каждый из нас понимает очевидную вещь: убеждённость некоторых оппонентов является качественно новой ступенью существующих финансовых и административных условий. Как уже неоднократно упомянуто, активно развивающиеся страны третьего мира освещают чрезвычайно интересные особенности картины в целом, однако конкретные выводы, разумеется, рассмотрены исключительно в разрезе маркетинговых и финансовых предпосылок. Приятно, граждане, наблюдать, как элементы политического процесса, превозмогая сложившуюся непростую экономическую ситуацию, функционально разнесены на независимые элементы.</p>', '', NULL, NULL, '', '2020-09-15 12:11:35', 0, 0, 0, 136, 1, NULL),
(137, 'ПЕГАЗ - постоянный член клуба г. Москва', '', '', '', '', '', NULL, '<h1>ПЕГАЗ</h1>\n<p>Но сложившаяся структура организации требует анализа вывода текущих активов. Каждый из нас понимает очевидную вещь: убеждённость некоторых оппонентов является качественно новой ступенью существующих финансовых и административных условий. Как уже неоднократно упомянуто, активно развивающиеся страны третьего мира освещают чрезвычайно интересные особенности картины в целом, однако конкретные выводы, разумеется, рассмотрены исключительно в разрезе маркетинговых и финансовых предпосылок. Приятно, граждане, наблюдать, как элементы политического процесса, превозмогая сложившуюся непростую экономическую ситуацию, функционально разнесены на независимые элементы.</p>', '', NULL, NULL, '', '2020-09-15 12:11:23', 0, 0, 0, 137, 1, NULL),
(138, 'ММА - постоянный член клуба г. Москва', '', '', '', '', '', NULL, '<h1>ММА</h1>\n<p>Но сложившаяся структура организации требует анализа вывода текущих активов. Каждый из нас понимает очевидную вещь: убеждённость некоторых оппонентов является качественно новой ступенью существующих финансовых и административных условий. Как уже неоднократно упомянуто, активно развивающиеся страны третьего мира освещают чрезвычайно интересные особенности картины в целом, однако конкретные выводы, разумеется, рассмотрены исключительно в разрезе маркетинговых и финансовых предпосылок. Приятно, граждане, наблюдать, как элементы политического процесса, превозмогая сложившуюся непростую экономическую ситуацию, функционально разнесены на независимые элементы.</p>', '', NULL, NULL, '', '2020-09-15 12:12:06', 0, 0, 0, 138, 1, NULL),
(139, 'Обратная связь', '', '', '', '', '', NULL, '<h4>Заполните форму</h4>\n<p>Мы обязательно ответим и перезвоним</p>', '', NULL, NULL, '', '2020-09-15 12:21:00', 0, 0, 0, 139, 1, NULL),
(140, 'Карточки с ссылками', '', '', '', '', '', NULL, '', '', NULL, NULL, '', '2020-09-15 12:43:08', 0, 0, 0, 140, 1, NULL),
(141, 'Как вступить в клуб', '<h4>Возможности которые даёт членство в клубе</h4>\n<ul>\n<li>мы поддерживаем друг друга</li>\n<li>все члены клуба люди состоявшиеся в жизни</li>\n<li>у нас есть отделения по всей стране</li>\n</ul>', '', '', '', '', NULL, '<p class=\"line\">15 декабря в СК &laquo;Динамо&raquo; состоялся Кубок Республики Башкортостан посмешанному боевому единоборству (ММА) среди юношей и мужчин, посвященный 75-летию Победы в ВОВ 1941-1945 гг., памяти героя Советского Союза Недошивина Вениамина Георгиевича.</p>\n<p>Так же ярких и бескомпромиссных поединков спортсменам пожелали гости Кубка Башкортостан - генерал-лейтенант, начальник Управления ФСБ России по Республике Башкортостан, Председатель РОО ФСО &laquo;Динамо&raquo; РБ Серышев Юрий Валентинович, сын Героя Советского Союза, ветерана органов безопасности Вениамина Недошивина &ndash; Юрий Вениаминович, Президент Федерации СБЕ (ММА) РБ Зарипов Руслан Булатович.</p>', '<h4>Кого мы ждем в первую очередь:</h4>\n<ul>\n<li>бизнесменов и юристов</li>\n<li>филантропов и меценатов</li>\n<li>людей, которые могут и хотят помогать тем, кто защищал, защищает нас и будет защищать</li>\n</ul>', NULL, NULL, '', '2020-09-15 13:01:57', 0, 0, 0, 141, 1, NULL),
(142, 'Заявка на членство в клубе', '', '', '', '', '', NULL, '<h4>Заполните форму</h4>\n<p>Мы обязательно ответим и презвоним</p>', '', NULL, NULL, '', '2020-09-15 13:05:47', 0, 0, 0, 142, 1, NULL),
(144, 'Всплывающие окна', '', '', '', '', '', NULL, '', '', NULL, NULL, '', '2020-09-16 13:09:07', 0, 0, 0, 144, 1, NULL),
(145, 'Лица проекта', '', '', '', '', '', NULL, '', '<div class=\"modal__inner\" id=\"modal-#id#\">\n            <div class=\"modal-close\"></div>\n            <h2 class=\"modal__title\"></h2>\n            <div class=\"modal__block\">\n                <div class=\"modal__person-preview\">\n                </div>\n                <div class=\"modal__content\">\n                </div>\n            </div>\n        </div>', NULL, NULL, '', '2020-09-16 13:12:03', 0, 0, 0, 145, 1, NULL),
(146, 'Региональные представительства', '', '', '', '', '', NULL, '', '<div class=\"modal__inner\" id=\"modal-#id#\">\n            <div class=\"modal-close\"></div>\n            <h2 class=\"modal__title\"></h2>\n            <div class=\"modal__block\">\n                <img class=\"modal__logo\" src=\"/img/regional-government/1.png\" alt=\"\">\n                <div class=\"modal__content\">\n                </div>\n            </div>\n        </div>', NULL, NULL, '', '2020-09-16 13:12:50', 0, 0, 0, 146, 1, NULL),
(147, 'Сообщение пользователю', '', '', '', '', '', NULL, '', '<div class=\"modal__inner _success\" id=\"modal-#id#\">\n            <div class=\"modal-close\"></div>\n            <div class=\"modal-message\">\n            </div>\n            <div class=\"modal__button\">ХОРОШО</div>\n        </div>', NULL, NULL, '', '2020-09-16 13:13:58', 0, 0, 0, 147, 1, NULL),
(148, 'Герои', '', '', '', '', '', NULL, '', '<div class=\"modal__inner\" id=\"modal-#id#\">\n            <div class=\"modal-close\"></div>\n            <h2 class=\"modal__title\"></h2>\n            <div class=\"modal__block\">\n                <div class=\"modal__person-preview _hero\"></div>\n                <div class=\"modal__content _person\">\n                </div>\n            </div>\n        </div>', NULL, NULL, '', '2020-09-16 13:14:26', 0, 0, 0, 148, 1, NULL),
(149, 'День Военно-воздушных сил России', '', '', '', '', '', 'День Военно-воздушных сил (День ВВС) отмечается в России 12 августа в соответствии с Указом Президента Российской Федерации № 549 от 31 мая 2006 года.', '', '', NULL, NULL, '', '2020-09-16 13:50:11', 0, 0, 0, 149, 1, NULL);

-- --------------------------------------------------------

--
-- Структура таблицы `userlist`
--

CREATE TABLE `userlist` (
  `id` int(11) NOT NULL,
  `user` varchar(20) COLLATE utf8_unicode_ci DEFAULT NULL,
  `pass` varchar(40) COLLATE utf8_unicode_ci DEFAULT NULL,
  `firstpass` varchar(40) COLLATE utf8_unicode_ci NOT NULL,
  `email` varchar(100) COLLATE utf8_unicode_ci NOT NULL,
  `myaccess` text COLLATE utf8_unicode_ci NOT NULL,
  `isbanned` tinyint(1) NOT NULL DEFAULT '0',
  `id_usertype` tinyint(4) DEFAULT '2'
) ENGINE=InnoDB DEFAULT CHARSET=utf8 COLLATE=utf8_unicode_ci;

--
-- Дамп данных таблицы `userlist`
--

INSERT INTO `userlist` (`id`, `user`, `pass`, `firstpass`, `email`, `myaccess`, `isbanned`, `id_usertype`) VALUES
(1, 'vvk', '47493a6d128eecf75bac2bb3836aa81f8dc46c7c', '', 'office@empire-web.ru', '', 0, 1),
(2, 'admin', 'd033e22ae348aeb5660fc2140aec35850c4da997', '', '', '{\"1\":{\"id\":\"1\",\"type\":\"allblocks\",\"ud\":\"2\",\"pages\":{\"1\":{\"id\":\"1\",\"type\":\"pages\",\"id_pages\":\"\",\"ud\":\"0\"},\"2\":{\"id\":\"2\",\"type\":\"pages\",\"id_pages\":\"1\",\"ud\":\"0\"},\"3\":{\"id\":\"3\",\"type\":\"pages\",\"id_pages\":\"2\",\"ud\":\"0\"},\"4\":{\"id\":\"4\",\"type\":\"pages\",\"id_pages\":\"\",\"ud\":\"0\"}}},\"2\":{\"id\":\"2\",\"type\":\"allblocks\",\"ud\":\"3\",\"pages\":{}}}', 0, 1);

-- --------------------------------------------------------

--
-- Структура таблицы `usertype`
--

CREATE TABLE `usertype` (
  `id` tinyint(4) NOT NULL,
  `title` varchar(30) NOT NULL,
  `glossary` tinyint(1) NOT NULL DEFAULT '0',
  `sitemap` tinyint(1) NOT NULL DEFAULT '0',
  `cash` tinyint(1) NOT NULL DEFAULT '0',
  `message` tinyint(1) NOT NULL DEFAULT '0',
  `userlist` tinyint(1) NOT NULL DEFAULT '0',
  `stat` tinyint(1) NOT NULL DEFAULT '0',
  `other_verse` tinyint(1) NOT NULL DEFAULT '0',
  `inherit_pages` tinyint(1) NOT NULL DEFAULT '0',
  `people_docs` tinyint(1) NOT NULL DEFAULT '0',
  `filter` tinyint(1) NOT NULL DEFAULT '0',
  `property` tinyint(1) NOT NULL DEFAULT '0',
  `yml` tinyint(1) NOT NULL DEFAULT '0'
) ENGINE=InnoDB DEFAULT CHARSET=utf8;

--
-- Дамп данных таблицы `usertype`
--

INSERT INTO `usertype` (`id`, `title`, `glossary`, `sitemap`, `cash`, `message`, `userlist`, `stat`, `other_verse`, `inherit_pages`, `people_docs`, `filter`, `property`, `yml`) VALUES
(1, 'Администратор', 1, 1, 1, 1, 1, 0, 1, 1, 1, 0, 0, 0),
(2, 'Менеджер', 0, 0, 1, 1, 0, 0, 0, 1, 0, 0, 0, 0);

--
-- Индексы сохранённых таблиц
--

--
-- Индексы таблицы `allblocks`
--
ALTER TABLE `allblocks`
  ADD PRIMARY KEY (`id`),
  ADD KEY `npp` (`npp`);

--
-- Индексы таблицы `backchat`
--
ALTER TABLE `backchat`
  ADD PRIMARY KEY (`id`),
  ADD KEY `id_type` (`id_type`),
  ADD KEY `id_people` (`id_pages`),
  ADD KEY `public` (`public`),
  ADD KEY `id_allblocks` (`id_allblocks`);

--
-- Индексы таблицы `fcontent`
--
ALTER TABLE `fcontent`
  ADD PRIMARY KEY (`id`),
  ADD KEY `id_pages` (`id_files`),
  ADD KEY `id_allblocks` (`id_allblocks`);

--
-- Индексы таблицы `files`
--
ALTER TABLE `files`
  ADD PRIMARY KEY (`id`),
  ADD KEY `id_pages` (`id_pages`),
  ADD KEY `type` (`type`),
  ADD KEY `docsorfoto` (`docsorfoto`),
  ADD KEY `gorver` (`gorver`),
  ADD KEY `id_sovmdocs` (`id_sovmdocs`);

--
-- Индексы таблицы `glossary`
--
ALTER TABLE `glossary`
  ADD PRIMARY KEY (`id`),
  ADD KEY `id_glossary` (`id_glossary`),
  ADD KEY `id_pages` (`id_pages`),
  ADD KEY `npp` (`npp`),
  ADD KEY `id_usl` (`id_usl`),
  ADD KEY `id_allblocks` (`id_allblocks`);

--
-- Индексы таблицы `pages`
--
ALTER TABLE `pages`
  ADD PRIMARY KEY (`id`),
  ADD KEY `id_pages` (`id_pages`),
  ADD KEY `npp` (`npp`),
  ADD KEY `cansearch` (`cansearch`),
  ADD KEY `viewlist` (`childlistview`),
  ADD KEY `canguestbook` (`canguestbook`),
  ADD KEY `inupmenu` (`inupmenu`),
  ADD KEY `ishtmlinfo` (`ishtmlinfo`),
  ADD KEY `gotochildren` (`hiddencontent`),
  ADD KEY `canmaps` (`canmaps`),
  ADD KEY `indownmenu` (`indownmenu`),
  ADD KEY `id_inherit` (`id_inherit`),
  ADD KEY `caninherit` (`caninherit`),
  ADD KEY `visible` (`visible`);

--
-- Индексы таблицы `pcontent`
--
ALTER TABLE `pcontent`
  ADD PRIMARY KEY (`id`),
  ADD KEY `id_pages` (`id_pages`),
  ADD KEY `id_allblocks` (`id_allblocks`),
  ADD KEY `id_inherit` (`id_pcinherit`);

--
-- Индексы таблицы `userlist`
--
ALTER TABLE `userlist`
  ADD PRIMARY KEY (`id`),
  ADD KEY `id_usertype` (`id_usertype`);

--
-- Индексы таблицы `usertype`
--
ALTER TABLE `usertype`
  ADD PRIMARY KEY (`id`),
  ADD KEY `property` (`property`);

--
-- AUTO_INCREMENT для сохранённых таблиц
--

--
-- AUTO_INCREMENT для таблицы `allblocks`
--
ALTER TABLE `allblocks`
  MODIFY `id` int(11) NOT NULL AUTO_INCREMENT, AUTO_INCREMENT=2;

--
-- AUTO_INCREMENT для таблицы `backchat`
--
ALTER TABLE `backchat`
  MODIFY `id` int(11) NOT NULL AUTO_INCREMENT, AUTO_INCREMENT=13;

--
-- AUTO_INCREMENT для таблицы `fcontent`
--
ALTER TABLE `fcontent`
  MODIFY `id` int(11) NOT NULL AUTO_INCREMENT, AUTO_INCREMENT=87;

--
-- AUTO_INCREMENT для таблицы `files`
--
ALTER TABLE `files`
  MODIFY `id` int(11) NOT NULL AUTO_INCREMENT, AUTO_INCREMENT=87;

--
-- AUTO_INCREMENT для таблицы `glossary`
--
ALTER TABLE `glossary`
  MODIFY `id` int(11) NOT NULL AUTO_INCREMENT, AUTO_INCREMENT=261;

--
-- AUTO_INCREMENT для таблицы `pages`
--
ALTER TABLE `pages`
  MODIFY `id` int(11) NOT NULL AUTO_INCREMENT, AUTO_INCREMENT=150;

--
-- AUTO_INCREMENT для таблицы `pcontent`
--
ALTER TABLE `pcontent`
  MODIFY `id` int(11) NOT NULL AUTO_INCREMENT, AUTO_INCREMENT=150;

--
-- AUTO_INCREMENT для таблицы `userlist`
--
ALTER TABLE `userlist`
  MODIFY `id` int(11) NOT NULL AUTO_INCREMENT, AUTO_INCREMENT=3;

--
-- AUTO_INCREMENT для таблицы `usertype`
--
ALTER TABLE `usertype`
  MODIFY `id` tinyint(4) NOT NULL AUTO_INCREMENT, AUTO_INCREMENT=3;

--
-- Ограничения внешнего ключа сохраненных таблиц
--

--
-- Ограничения внешнего ключа таблицы `backchat`
--
ALTER TABLE `backchat`
  ADD CONSTRAINT `backchat_ibfk_2` FOREIGN KEY (`id_type`) REFERENCES `glossary` (`id`) ON DELETE SET NULL ON UPDATE CASCADE,
  ADD CONSTRAINT `backchat_ibfk_3` FOREIGN KEY (`id_pages`) REFERENCES `pages` (`id`) ON DELETE CASCADE ON UPDATE CASCADE,
  ADD CONSTRAINT `backchat_ibfk_4` FOREIGN KEY (`id_allblocks`) REFERENCES `allblocks` (`id`) ON DELETE CASCADE ON UPDATE CASCADE;

--
-- Ограничения внешнего ключа таблицы `fcontent`
--
ALTER TABLE `fcontent`
  ADD CONSTRAINT `fcontent_ibfk_1` FOREIGN KEY (`id_allblocks`) REFERENCES `allblocks` (`id`) ON DELETE CASCADE ON UPDATE CASCADE,
  ADD CONSTRAINT `fcontent_ibfk_2` FOREIGN KEY (`id_files`) REFERENCES `files` (`id`) ON DELETE CASCADE ON UPDATE CASCADE;

--
-- Ограничения внешнего ключа таблицы `files`
--
ALTER TABLE `files`
  ADD CONSTRAINT `files_ibfk_1` FOREIGN KEY (`id_pages`) REFERENCES `pages` (`id`) ON DELETE CASCADE ON UPDATE CASCADE,
  ADD CONSTRAINT `files_ibfk_2` FOREIGN KEY (`id_sovmdocs`) REFERENCES `files` (`id`) ON DELETE SET NULL ON UPDATE CASCADE;

--
-- Ограничения внешнего ключа таблицы `glossary`
--
ALTER TABLE `glossary`
  ADD CONSTRAINT `glossary_ibfk_3` FOREIGN KEY (`id_usl`) REFERENCES `glossary` (`id`) ON DELETE SET NULL ON UPDATE CASCADE,
  ADD CONSTRAINT `glossary_ibfk_4` FOREIGN KEY (`id_allblocks`) REFERENCES `allblocks` (`id`) ON DELETE SET NULL ON UPDATE CASCADE,
  ADD CONSTRAINT `glossary_ibfk_6` FOREIGN KEY (`id_glossary`) REFERENCES `glossary` (`id`) ON DELETE CASCADE ON UPDATE CASCADE,
  ADD CONSTRAINT `glossary_ibfk_7` FOREIGN KEY (`id_pages`) REFERENCES `pages` (`id`) ON DELETE SET NULL ON UPDATE CASCADE;

--
-- Ограничения внешнего ключа таблицы `pages`
--
ALTER TABLE `pages`
  ADD CONSTRAINT `pages_ibfk_3` FOREIGN KEY (`id_pages`) REFERENCES `pages` (`id`) ON DELETE CASCADE ON UPDATE CASCADE,
  ADD CONSTRAINT `pages_ibfk_4` FOREIGN KEY (`id_inherit`) REFERENCES `pages` (`id`) ON DELETE SET NULL ON UPDATE CASCADE;

--
-- Ограничения внешнего ключа таблицы `pcontent`
--
ALTER TABLE `pcontent`
  ADD CONSTRAINT `pcontent_ibfk_1` FOREIGN KEY (`id_pages`) REFERENCES `pages` (`id`) ON DELETE CASCADE ON UPDATE CASCADE,
  ADD CONSTRAINT `pcontent_ibfk_2` FOREIGN KEY (`id_allblocks`) REFERENCES `allblocks` (`id`) ON DELETE CASCADE ON UPDATE CASCADE,
  ADD CONSTRAINT `pcontent_ibfk_3` FOREIGN KEY (`id_pcinherit`) REFERENCES `allblocks` (`id`) ON DELETE SET NULL ON UPDATE CASCADE;

--
-- Ограничения внешнего ключа таблицы `userlist`
--
ALTER TABLE `userlist`
  ADD CONSTRAINT `userlist_ibfk_1` FOREIGN KEY (`id_usertype`) REFERENCES `usertype` (`id`) ON DELETE CASCADE ON UPDATE CASCADE;
COMMIT;

/*!40101 SET CHARACTER_SET_CLIENT=@OLD_CHARACTER_SET_CLIENT */;
/*!40101 SET CHARACTER_SET_RESULTS=@OLD_CHARACTER_SET_RESULTS */;
/*!40101 SET COLLATION_CONNECTION=@OLD_COLLATION_CONNECTION */;
